Country;IDCountry;populationGroup;IDpopulationGroup;Category1;IDCategory1;avg_GramsPerDay;CategoryLevel
Czech Republic;55;Adults;10;Water and water based beverages;10489266;1426,705;1
Croatia;97;Adults;10;Water and water based beverages;10489266;1312,432;1
Austria;14;Adults;10;Water and water based beverages;10489266;1247,025;1
Denmark;58;Adults;10;Water and water based beverages;10489266;1234,844;1
Germany;56;Adults;10;Water and water based beverages;10489266;1196,345;1
Czech Republic;55;Adolescents;7;Water and water based beverages;10489266;1096,088;1
France;75;Adults;10;Water and water based beverages;10489266;1082,971;1
Denmark;58;Adults;10;Water and water based beverages;10489266;1066,79;1
Germany;56;Adolescents;7;Water and water based beverages;10489266;1052,497;1
Finland;70;Adults;10;Water and water based beverages;10489266;1034,879;1
Slovakia;198;Adults;10;Water and water based beverages;10489266;1033,292;1
Belgium;22;Adolescents;7;Water and water based beverages;10489266;1017,066;1
Austria;14;Elderly;12;Water and water based beverages;10489266;1016,678;1
Denmark;58;Adolescents;7;Water and water based beverages;10489266;997,601;1
Austria;14;Adults;10;Water and water based beverages;10489266;997,083;1
Denmark;58;Elderly;12;Coffee and Tea;10489360;988,626;1
Belgium;22;Adults;10;Water and water based beverages;10489266;983,29;1
Portugal;180;Adults;10;Water and water based beverages;10489266;958,564;1
Finland;70;Adults;10;Water and water based beverages;10489266;955,932;1
Netherlands;162;Adults;10;Water and water based beverages;10489266;933,316;1
Denmark;58;Adolescents;7;Water and water based beverages;10489266;931,848;1
Germany;56;Elderly;12;Water and water based beverages;10489266;929,837;1
United Kingdom;77;Adults;10;Water and water based beverages;10489266;913,757;1
Finland;70;Elderly;12;Water and water based beverages;10489266;912,728;1
Netherlands;162;Adolescents;7;Water and water based beverages;10489266;905,771;1
Netherlands;162;Elderly;12;Coffee and Tea;10489360;902,75;1
Denmark;58;Adults;10;Coffee and Tea;10489360;902,064;1
Spain;67;Adolescents;7;Water and water based beverages;10489266;901,974;1
Portugal;180;Adolescents;7;Water and water based beverages;10489266;900,097;1
Denmark;58;Elderly;12;Coffee and Tea;10489360;896,81;1
Netherlands;162;Adults;10;Water and water based beverages;10489266;891,725;1
France;75;Adults;10;Water and water based beverages;10489266;886,953;1
Estonia;63;Adults;10;Water and water based beverages;10489266;878,023;1
Denmark;58;Elderly;12;Water and water based beverages;10489266;873,595;1
Netherlands;162;Elderly;12;Coffee and Tea;10489360;871,29;1
France;75;Elderly;12;Water and water based beverages;10489266;840,189;1
France;75;Elderly;12;Water and water based beverages;10489266;838,192;1
Germany;56;Elderly;12;Coffee and Tea;10489360;834,783;1
Ireland;101;Adults;10;Water and water based beverages;10489266;828,22;1
Netherlands;162;Adults;10;Coffee and Tea;10489360;824,272;1
Denmark;58;Adults;10;Coffee and Tea;10489360;818,332;1
France;75;Adolescents;7;Water and water based beverages;10489266;812,644;1
Netherlands;162;Adults;10;Coffee and Tea;10489360;800,222;1
Portugal;180;Elderly;12;Water and water based beverages;10489266;800,066;1
Estonia;63;Adolescents;7;Water and water based beverages;10489266;799,166;1
Germany;56;Adults;10;Coffee and Tea;10489360;797,799;1
Denmark;58;Elderly;12;Water and water based beverages;10489266;785,954;1
Estonia;63;Adults;10;Alcoholic beverages;10489503;784,232;1
United Kingdom;77;Adolescents;7;Water and water based beverages;10489266;775,06;1
Ireland;101;Adults;10;Coffee and Tea;10489360;760,879;1
Finland;70;Adolescents;7;Water and water based beverages;10489266;754,788;1
Spain;67;Adults;10;Water and water based beverages;10489266;747,934;1
Czech Republic;55;Adults;10;Alcoholic beverages;10489503;745,146;1
United Kingdom;77;Adults;10;Water and water based beverages;10489266;744,818;1
Sweden;193;Adults;10;Water and water based beverages;10489266;744,657;1
Sweden;193;Adults;10;Water and water based beverages;10489266;736,841;1
Estonia;63;Elderly;12;Water and water based beverages;10489266;718,822;1
Poland;175;Adults;10;Coffee and Tea;10489360;714,692;1
Italy;108;Adults;10;Water and water based beverages;10489266;710,341;1
Italy;108;Adolescents;7;Water and water based beverages;10489266;710,033;1
Spain;67;Adults;10;Water and water based beverages;10489266;705,213;1
Austria;14;Adolescents;7;Water and water based beverages;10489266;693,661;1
Germany;56;Adolescents;7;Water and water based beverages;10489266;690,069;1
United Kingdom;77;Elderly;12;Water and water based beverages;10489266;689,652;1
Finland;70;Elderly;12;Water and water based beverages;10489266;674,379;1
France;75;Adolescents;7;Water and water based beverages;10489266;673,943;1
Spain;67;Adolescents;7;Water and water based beverages;10489266;671,497;1
Finland;70;Adults;10;Coffee and Tea;10489360;670,205;1
Belgium;22;Elderly;12;Water and water based beverages;10489266;656,983;1
Italy;108;Elderly;12;Water and water based beverages;10489266;639,179;1
Spain;67;Adolescents;7;Water and water based beverages;10489266;637,831;1
Poland;175;Elderly;12;Coffee and Tea;10489360;636,989;1
Finland;70;Adults;10;Coffee and Tea;10489360;635,936;1
Spain;67;Adults;10;Water and water based beverages;10489266;632,788;1
Romania;185;Adolescents;7;Water and water based beverages;10489266;628,061;1
Spain;67;Elderly;12;Water and water based beverages;10489266;626,127;1
United Kingdom;77;Elderly;12;Coffee and Tea;10489360;625,034;1
Finland;70;Adolescents;7;Milk and Milk based Products;10488473;623,079;1
Slovenia;196;Adults;10;Water and water based beverages;10489266;616,744;1
Ireland;101;Elderly;12;Coffee and Tea;10489360;615,822;1
Sweden;193;Adults;10;Coffee and Tea;10489360;607,778;1
Spain;67;Adolescents;7;Water and water based beverages;10489266;605,477;1
Estonia;63;Adolescents;7;Water and water based beverages;10489266;600,624;1
Netherlands;162;Elderly;12;Water and water based beverages;10489266;599,091;1
Finland;70;Elderly;12;Coffee and Tea;10489360;586,62;1
Latvia;132;Adolescents;7;Water and water based beverages;10489266;583,261;1
Latvia;132;Adults;10;Coffee and Tea;10489360;582,44;1
Netherlands;162;Elderly;12;Water and water based beverages;10489266;579,442;1
Belgium;22;Elderly;12;Coffee and Tea;10489360;577,13;1
Slovakia;198;Adults;10;Alcoholic beverages;10489503;567,501;1
Sweden;193;Elderly;12;Water and water based beverages;10489266;551,784;1
Netherlands;162;Adults;10;Alcoholic beverages;10489503;542,921;1
Slovakia;198;Adults;10;Coffee and Tea;10489360;531,147;1
Ireland;101;Adults;10;Alcoholic beverages;10489503;531,136;1
Finland;70;Elderly;12;Coffee and Tea;10489360;530,207;1
Latvia;132;Infants;1;Milk and Milk based Products;10488473;526,249;1
Sweden;193;Elderly;12;Coffee and Tea;10489360;523,226;1
France;75;Elderly;12;Coffee and Tea;10489360;518,299;1
Denmark;58;Adolescents;7;Milk and Milk based Products;10488473;513,475;1
France;75;Adults;10;Coffee and Tea;10489360;512,295;1
United Kingdom;77;Adults;10;Coffee and Tea;10489360;511,751;1
Ireland;101;Elderly;12;Water and water based beverages;10489266;511,728;1
Estonia;63;Adults;10;Coffee and Tea;10489360;510,843;1
Belgium;22;Adults;10;Coffee and Tea;10489360;505,936;1
Bulgaria;24;Adolescents;7;Water and water based beverages;10489266;505,192;1
Sweden;193;Adults;10;Coffee and Tea;10489360;504,736;1
Ireland;101;Adults;10;Alcoholic beverages;10489503;504,141;1
Austria;14;Adults;10;Coffee and Tea;10489360;503,088;1
Poland;175;Adults;10;Alcoholic beverages;10489503;501,727;1
Ireland;101;Adults;10;Coffee and Tea;10489360;500,212;1
Latvia;132;Adults;10;Water and water based beverages;10489266;497,299;1
Latvia;132;Elderly;12;Coffee and Tea;10489360;496,01;1
Austria;14;Adults;10;Coffee and Tea;10489360;485,896;1
United Kingdom;77;Adults;10;Coffee and Tea;10489360;480,531;1
Romania;185;Adults;10;Water and water based beverages;10489266;476,857;1
Bulgaria;24;Adolescents;7;Alcoholic beverages;10489503;476,834;1
United Kingdom;77;Adults;10;Alcoholic beverages;10489503;475,984;1
Latvia;132;Adults;10;Coffee and Tea;10489360;467,351;1
Estonia;63;Adolescents;7;Alcoholic beverages;10489503;461,923;1
Spain;67;Adolescents;7;Milk and Milk based Products;10488473;461,168;1
Denmark;58;Adolescents;7;Milk and Milk based Products;10488473;460,126;1
Finland;70;Adults;10;Milk and Milk based Products;10488473;457,503;1
Netherlands;162;Adults;10;Alcoholic beverages;10489503;455,934;1
Poland;175;Adolescents;7;Coffee and Tea;10489360;452,968;1
Estonia;63;Elderly;12;Coffee and Tea;10489360;451,339;1
Finland;70;Elderly;12;Milk and Milk based Products;10488473;449,05;1
Finland;70;Adults;10;Milk and Milk based Products;10488473;448,289;1
Ireland;101;Adults;10;Water and water based beverages;10489266;448,183;1
Italy;108;Infants;1;Milk and Milk based Products;10488473;447,597;1
Germany;56;Adults;10;Alcoholic beverages;10489503;442,41;1
Latvia;132;Elderly;12;Water and water based beverages;10489266;440,324;1
Estonia;63;Adolescents;7;Milk and Milk based Products;10488473;439,298;1
Spain;67;Adolescents;7;Milk and Milk based Products;10488473;436,637;1
Sweden;193;Adolescents;7;Water and water based beverages;10489266;435,962;1
Austria;14;Elderly;12;Coffee and Tea;10489360;433,531;1
Bulgaria;24;Adults;10;Water and water based beverages;10489266;431,686;1
Italy;108;Infants;1;Water and water based beverages;10489266;428,623;1
Finland;70;Adults;10;Alcoholic beverages;10489503;427,438;1
France;75;Infants;1;Milk and Milk based Products;10488473;425,185;1
Estonia;63;Adults;10;Alcoholic beverages;10489503;420,26;1
Germany;56;Adolescents;7;Coffee and Tea;10489360;418,145;1
France;75;Adults;10;Coffee and Tea;10489360;417,731;1
Bulgaria;24;Adults;10;Alcoholic beverages;10489503;417,041;1
Germany;56;Elderly;12;Alcoholic beverages;10489503;416,295;1
Sweden;193;Adolescents;7;Milk and Milk based Products;10488473;415,579;1
Netherlands;162;Adolescents;7;Alcoholic beverages;10489503;415,232;1
Spain;67;Adolescents;7;Milk and Milk based Products;10488473;414,377;1
Romania;185;Elderly;12;Water and water based beverages;10489266;410,975;1
Spain;67;Adolescents;7;Milk and Milk based Products;10488473;409,182;1
Netherlands;162;Adolescents;7;Milk and Milk based Products;10488473;405,595;1
United Kingdom;77;Adults;10;Alcoholic beverages;10489503;405,384;1
Finland;70;Adults;10;Alcoholic beverages;10489503;400,839;1
Spain;67;Adults;10;Milk and Milk based Products;10488473;397,413;1
Belgium;22;Adults;10;Alcoholic beverages;10489503;395,238;1
Estonia;63;Adults;10;Coffee and Tea;10489360;394,418;1
Finland;70;Elderly;12;Milk and Milk based Products;10488473;394,222;1
Portugal;180;Adolescents;7;Milk and Milk based Products;10488473;393,281;1
Netherlands;162;Adults;10;Milk and Milk based Products;10488473;391,753;1
Ireland;101;Elderly;12;Alcoholic beverages;10489503;391,195;1
Germany;56;Adolescents;7;Alcoholic beverages;10489503;386,398;1
France;75;Elderly;12;Coffee and Tea;10489360;383,882;1
Estonia;63;Adolescents;7;Milk and Milk based Products;10488473;383,714;1
Romania;185;Elderly;12;Vegetables;10486258;383,25;1
Denmark;58;Adults;10;Milk and Milk based Products;10488473;383,028;1
Romania;185;Adults;10;Vegetables;10486258;381,907;1
Poland;175;Adolescents;7;Fruit and fruit products;10487162;380,44;1
Estonia;63;Adults;10;Water and water based beverages;10489266;379,439;1
Croatia;97;Adults;10;Alcoholic beverages;10489503;378,106;1
Netherlands;162;Adults;10;Milk and Milk based Products;10488473;376,631;1
Sweden;193;Adults;10;Milk and Milk based Products;10488473;375,544;1
Denmark;58;Adults;10;Milk and Milk based Products;10488473;372,037;1
United Kingdom;77;Elderly;12;Alcoholic beverages;10489503;369,01;1
Hungary;99;Adults;10;Water and water based beverages;10489266;367,171;1
Estonia;63;Adults;10;Milk and Milk based Products;10488473;363,267;1
Portugal;180;Infants;1;Milk and Milk based Products;10488473;361,372;1
Spain;67;Adults;10;Milk and Milk based Products;10488473;360,414;1
Denmark;58;Elderly;12;Alcoholic beverages;10489503;359,912;1
Denmark;58;Elderly;12;Alcoholic beverages;10489503;358,637;1
Belgium;22;Adolescents;7;Alcoholic beverages;10489503;358,591;1
Denmark;58;Adults;10;Alcoholic beverages;10489503;356,163;1
Poland;175;Elderly;12;Alcoholic beverages;10489503;355;1
Bulgaria;24;Infants;1;Water and water based beverages;10489266;349,946;1
France;75;Adolescents;7;Milk and Milk based Products;10488473;349,621;1
Denmark;58;Elderly;12;Milk and Milk based Products;10488473;348,476;1
Poland;175;Adolescents;7;Water and water based beverages;10489266;347,229;1
Netherlands;162;Elderly;12;Milk and Milk based Products;10488473;344,986;1
Netherlands;162;Elderly;12;Milk and Milk based Products;10488473;344,183;1
Poland;175;Adults;10;Fruit and fruit products;10487162;340,797;1
Belgium;22;Elderly;12;Alcoholic beverages;10489503;340,34;1
Romania;185;Adolescents;7;Vegetables;10486258;339,479;1
Latvia;132;Adults;10;Alcoholic beverages;10489503;336,387;1
Austria;14;Adults;10;Alcoholic beverages;10489503;335,549;1
Poland;175;Adults;10;Water and water based beverages;10489266;334,323;1
Austria;14;Elderly;12;Alcoholic beverages;10489503;333,777;1
Denmark;58;Elderly;12;Milk and Milk based Products;10488473;332,297;1
Austria;14;Adults;10;Alcoholic beverages;10489503;331,152;1
Netherlands;162;Adolescents;7;Coffee and Tea;10489360;329,963;1
Bulgaria;24;Adolescents;7;Grains and grain products;10485778;329,677;1
Spain;67;Adults;10;Milk and Milk based Products;10488473;328,256;1
Poland;175;Elderly;12;Fruit and fruit products;10487162;327,376;1
Poland;175;Adolescents;7;Grains and grain products;10485778;325,761;1
Spain;67;Elderly;12;Milk and Milk based Products;10488473;325,03;1
Denmark;58;Adults;10;Alcoholic beverages;10489503;323,824;1
Finland;70;Elderly;12;Grains and grain products;10485778;321,515;1
Denmark;58;Infants;1;Milk and Milk based Products;10488473;319,677;1
Hungary;99;Elderly;12;Water and water based beverages;10489266;319,618;1
Finland;70;Elderly;12;Alcoholic beverages;10489503;313,09;1
Spain;67;Infants;1;Milk and Milk based Products;10488473;313,048;1
Poland;175;Adults;10;Grains and grain products;10485778;310,651;1
Ireland;101;Adults;10;Milk and Milk based Products;10488473;310,568;1
Estonia;63;Elderly;12;Alcoholic beverages;10489503;308,104;1
Latvia;132;Adolescents;7;Coffee and Tea;10489360;307,962;1
Latvia;132;Adolescents;7;Coffee and Tea;10489360;307,901;1
Denmark;58;Infants;1;Water and water based beverages;10489266;306,629;1
France;75;Elderly;12;Vegetables;10486258;304,914;1
Latvia;132;Adults;10;Water and water based beverages;10489266;304,334;1
Netherlands;162;Elderly;12;Alcoholic beverages;10489503;302,934;1
Latvia;132;Elderly;12;Alcoholic beverages;10489503;300,635;1
Germany;56;Adolescents;7;Milk and Milk based Products;10488473;299,611;1
Estonia;63;Adults;10;Milk and Milk based Products;10488473;299,582;1
Latvia;132;Adolescents;7;Water and water based beverages;10489266;298,218;1
Poland;175;Adults;10;Vegetables;10486258;298,044;1
Poland;175;Elderly;12;Water and water based beverages;10489266;297,352;1
Sweden;193;Elderly;12;Milk and Milk based Products;10488473;294,213;1
Sweden;193;Adults;10;Milk and Milk based Products;10488473;292,751;1
Slovenia;196;Adults;10;Fruit and fruit products;10487162;290,018;1
Poland;175;Adolescents;7;Alcoholic beverages;10489503;287,5;1
Estonia;63;Elderly;12;Milk and Milk based Products;10488473;286,162;1
Bulgaria;24;Elderly;12;Water and water based beverages;10489266;284,338;1
Czech Republic;55;Adolescents;7;Milk and Milk based Products;10488473;284,05;1
Poland;175;Adults;10;Meat;10487577;281,521;1
Italy;108;Adolescents;7;Grains and grain products;10485778;280,629;1
Netherlands;162;Elderly;12;Alcoholic beverages;10489503;280,38;1
Poland;175;Adolescents;7;Milk and Milk based Products;10488473;279,426;1
Slovenia;196;Adults;10;Coffee and Tea;10489360;279,004;1
Hungary;99;Elderly;12;Milk and Milk based Products;10488473;278,431;1
Czech Republic;55;Adults;10;Grains and grain products;10485778;277,926;1
France;75;Adolescents;7;Milk and Milk based Products;10488473;277,708;1
Finland;70;Adults;10;Grains and grain products;10485778;277,337;1
Czech Republic;55;Adolescents;7;Grains and grain products;10485778;276,464;1
Ireland;101;Adults;10;Milk and Milk based Products;10488473;274,137;1
Slovenia;196;Adults;10;Alcoholic beverages;10489503;273,739;1
Portugal;180;Adults;10;Milk and Milk based Products;10488473;273,423;1
Ireland;101;Elderly;12;Grains and grain products;10485778;273,033;1
Poland;175;Elderly;12;Milk and Milk based Products;10488473;272,931;1
United Kingdom;77;Adults;10;Milk and Milk based Products;10488473;272,686;1
Ireland;101;Elderly;12;Milk and Milk based Products;10488473;268,907;1
Italy;108;Elderly;12;Fruit and fruit products;10487162;268,479;1
Spain;67;Adolescents;7;Grains and grain products;10485778;266,765;1
Poland;175;Elderly;12;Grains and grain products;10485778;266,359;1
Estonia;63;Adults;10;Fruit and fruit products;10487162;265,294;1
Austria;14;Adults;10;Fruit and fruit products;10487162;264,532;1
Austria;14;Adults;10;Grains and grain products;10485778;263,197;1
Romania;185;Adolescents;7;Milk and Milk based Products;10488473;262,723;1
Hungary;99;Adults;10;Milk and Milk based Products;10488473;262,417;1
Bulgaria;24;Adults;10;Grains and grain products;10485778;261,232;1
Ireland;101;Adults;10;Grains and grain products;10485778;261,13;1
Slovakia;198;Adults;10;Grains and grain products;10485778;260,364;1
United Kingdom;77;Elderly;12;Milk and Milk based Products;10488473;258,762;1
Bulgaria;24;Elderly;12;Milk and Milk based Products;10488473;258,44;1
France;75;Adults;10;Milk and Milk based Products;10488473;258,229;1
Sweden;193;Adults;10;Alcoholic beverages;10489503;257,223;1
Austria;14;Elderly;12;Grains and grain products;10485778;255,212;1
Hungary;99;Adults;10;Alcoholic beverages;10489503;254,331;1
Spain;67;Adolescents;7;Grains and grain products;10485778;254,222;1
Italy;108;Adults;10;Grains and grain products;10485778;252,659;1
Spain;67;Adults;10;Alcoholic beverages;10489503;251,04;1
Belgium;22;Adolescents;7;Coffee and Tea;10489360;250,747;1
Estonia;63;Elderly;12;Fruit and fruit products;10487162;250,419;1
Italy;108;Elderly;12;Vegetables;10486258;249,891;1
Slovenia;196;Adults;10;Grains and grain products;10485778;249,458;1
Italy;108;Adolescents;7;Milk and Milk based Products;10488473;249,325;1
Austria;14;Adolescents;7;Grains and grain products;10485778;248,487;1
Bulgaria;24;Elderly;12;Grains and grain products;10485778;247,821;1
Latvia;132;Adults;10;Alcoholic beverages;10489503;247,231;1
France;75;Adolescents;7;Grains and grain products;10485778;245,537;1
Poland;175;Elderly;12;Vegetables;10486258;245,518;1
Latvia;132;Adolescents;7;Milk and Milk based Products;10488473;245,239;1
Slovenia;196;Adults;10;Milk and Milk based Products;10488473;243,915;1
Germany;56;Adolescents;7;Grains and grain products;10485778;243,605;1
Italy;108;Elderly;12;Grains and grain products;10485778;242,933;1
Germany;56;Elderly;12;Fruit and fruit products;10487162;242,291;1
Italy;108;Adults;10;Vegetables;10486258;240,882;1
France;75;Adults;10;Vegetables;10486258;240,793;1
Finland;70;Infants;1;Water and water based beverages;10489266;240,72;1
Hungary;99;Adults;10;Grains and grain products;10485778;240,534;1
Poland;175;Adolescents;7;Vegetables;10486258;240,457;1
Portugal;180;Elderly;12;Milk and Milk based Products;10488473;240,449;1
Belgium;22;Adolescents;7;Grains and grain products;10485778;240,391;1
Sweden;193;Adults;10;Alcoholic beverages;10489503;240,357;1
Portugal;180;Elderly;12;Alcoholic beverages;10489503;240,326;1
Spain;67;Elderly;12;Fruit and fruit products;10487162;239,268;1
Belgium;22;Adolescents;7;Milk and Milk based Products;10488473;239,192;1
Estonia;63;Adolescents;7;Coffee and Tea;10489360;238,32;1
Cyprus;54;Adolescents;7;Milk and Milk based Products;10488473;237,739;1
Latvia;132;Elderly;12;Milk and Milk based Products;10488473;237,675;1
Hungary;99;Adults;10;Coffee and Tea;10489360;237,521;1
Germany;56;Adolescents;7;Grains and grain products;10485778;237,334;1
Germany;56;Elderly;12;Grains and grain products;10485778;237,069;1
Spain;67;Adults;10;Alcoholic beverages;10489503;236,552;1
France;75;Elderly;12;Milk and Milk based Products;10488473;236,44;1
Estonia;63;Adolescents;7;Fruit and fruit products;10487162;236,241;1
Poland;175;Elderly;12;Meat;10487577;235,975;1
France;75;Adults;10;Grains and grain products;10485778;235,235;1
France;75;Adolescents;7;Grains and grain products;10485778;234,262;1
France;75;Infants;1;Water and water based beverages;10489266;234,122;1
Germany;56;Adults;10;Grains and grain products;10485778;233,759;1
Sweden;193;Adults;10;Grains and grain products;10485778;232,387;1
Netherlands;162;Adults;10;Grains and grain products;10485778;232,326;1
Hungary;99;Elderly;12;Grains and grain products;10485778;232,289;1
Bulgaria;24;Adolescents;7;Fish;10488027;231,35;1
Bulgaria;24;Elderly;12;Vegetables;10486258;230,611;1
Portugal;180;Adolescents;7;Grains and grain products;10485778;230,446;1
Bulgaria;24;Adolescents;7;Fruit and fruit products;10487162;228,658;1
Netherlands;162;Adolescents;7;Grains and grain products;10485778;227,514;1
United Kingdom;77;Adults;10;Grains and grain products;10485778;227,241;1
Finland;70;Elderly;12;Alcoholic beverages;10489503;226,374;1
France;75;Elderly;12;Fruit and fruit products;10487162;225,906;1
Germany;56;Infants;1;Milk and Milk based Products;10488473;225,836;1
France;75;Adults;10;Grains and grain products;10485778;225,602;1
Bulgaria;24;Adolescents;7;Milk and Milk based Products;10488473;224,908;1
Netherlands;162;Adults;10;Grains and grain products;10485778;224,39;1
Spain;67;Adolescents;7;Grains and grain products;10485778;222,886;1
Bulgaria;24;Elderly;12;Alcoholic beverages;10489503;222,619;1
Latvia;132;Adults;10;Grains and grain products;10485778;221,065;1
France;75;Elderly;12;Fruit and fruit products;10487162;220,334;1
Hungary;99;Elderly;12;Fruit and fruit products;10487162;220,017;1
France;75;Adults;10;Alcoholic beverages;10489503;218,653;1
Hungary;99;Elderly;12;Coffee and Tea;10489360;218,576;1
France;75;Elderly;12;Alcoholic beverages;10489503;218,047;1
Estonia;63;Adolescents;7;Fruit and fruit products;10487162;217,726;1
Ireland;101;Adults;10;Grains and grain products;10485778;217,551;1
Denmark;58;Adults;10;Grains and grain products;10485778;217,119;1
Sweden;193;Elderly;12;Alcoholic beverages;10489503;216,892;1
Denmark;58;Elderly;12;Fruit and fruit products;10487162;216,767;1
Slovakia;198;Adults;10;Fruit and fruit products;10487162;216,716;1
Germany;56;Adolescents;7;Milk and Milk based Products;10488473;216,511;1
Czech Republic;55;Adolescents;7;Alcoholic beverages;10489503;216,068;1
Spain;67;Adolescents;7;Grains and grain products;10485778;215,983;1
Portugal;180;Elderly;12;Coffee and Tea;10489360;215,747;1
France;75;Elderly;12;Grains and grain products;10485778;215,321;1
Croatia;97;Adults;10;Milk and Milk based Products;10488473;215,191;1
Finland;70;Elderly;12;Fruit and fruit products;10487162;214,891;1
Belgium;22;Adults;10;Grains and grain products;10485778;214,52;1
Austria;14;Adolescents;7;Milk and Milk based Products;10488473;214,502;1
Croatia;97;Adults;10;Grains and grain products;10485778;214,364;1
Romania;185;Adults;10;Alcoholic beverages;10489503;213,865;1
United Kingdom;77;Infants;1;Milk and Milk based Products;10488473;212,911;1
Estonia;63;Adults;10;Vegetables;10486258;212,629;1
Spain;67;Adults;10;Fruit and fruit products;10487162;212,183;1
Estonia;63;Adolescents;7;Alcoholic beverages;10489503;211,667;1
France;75;Adults;10;Milk and Milk based Products;10488473;211,528;1
Austria;14;Adults;10;Milk and Milk based Products;10488473;211,231;1
Portugal;180;Adults;10;Coffee and Tea;10489360;211,024;1
Denmark;58;Adolescents;7;Grains and grain products;10485778;210,901;1
Latvia;132;Adults;10;Vegetables;10486258;210,887;1
Denmark;58;Adults;10;Grains and grain products;10485778;209,16;1
Latvia;132;Adolescents;7;Grains and grain products;10485778;208,465;1
Denmark;58;Adolescents;7;Grains and grain products;10485778;208,034;1
United Kingdom;77;Adolescents;7;Milk and Milk based Products;10488473;207,62;1
France;75;Elderly;12;Grains and grain products;10485778;206,585;1
Romania;185;Adolescents;7;Fruit and fruit products;10487162;205,614;1
Germany;56;Adults;10;Milk and Milk based Products;10488473;205,471;1
Romania;185;Adolescents;7;Coffee and Tea;10489360;205,367;1
Bulgaria;24;Adults;10;Vegetables;10486258;204,781;1
Denmark;58;Adolescents;7;Alcoholic beverages;10489503;204,72;1
Spain;67;Adolescents;7;Meat;10487577;204,398;1
Netherlands;162;Elderly;12;Grains and grain products;10485778;203,807;1
Slovakia;198;Adults;10;Milk and Milk based Products;10488473;203,761;1
Italy;108;Adults;10;Fruit and fruit products;10487162;203,748;1
Netherlands;162;Elderly;12;Grains and grain products;10485778;203,64;1
Bulgaria;24;Adults;10;Milk and Milk based Products;10488473;203,627;1
United Kingdom;77;Adults;10;Milk and Milk based Products;10488473;203,394;1
Hungary;99;Adults;10;Fruit and fruit products;10487162;202,757;1
Bulgaria;24;Adults;10;Coffee and Tea;10489360;202,494;1
Croatia;97;Adults;10;Meat;10487577;202,172;1
Poland;175;Adults;10;Milk and Milk based Products;10488473;202,026;1
Spain;67;Adults;10;Vegetables;10486258;201,891;1
Slovenia;196;Adults;10;Meat;10487577;199,94;1
Denmark;58;Adults;10;Fruit and fruit products;10487162;199,523;1
Austria;14;Adults;10;Grains and grain products;10485778;199,519;1
Denmark;58;Elderly;12;Fruit and fruit products;10487162;199,151;1
United Kingdom;77;Adolescents;7;Grains and grain products;10485778;199,081;1
Romania;185;Adolescents;7;Meat;10487577;198,958;1
Germany;56;Adults;10;Fruit and fruit products;10487162;198,678;1
Hungary;99;Elderly;12;Alcoholic beverages;10489503;198,333;1
Latvia;132;Adults;10;Milk and Milk based Products;10488473;197,279;1
Poland;175;Adolescents;7;Meat;10487577;197,241;1
Latvia;132;Elderly;12;Fruit and fruit products;10487162;197,003;1
Denmark;58;Elderly;12;Grains and grain products;10485778;196,974;1
Italy;108;Adults;10;Milk and Milk based Products;10488473;196,021;1
Portugal;180;Infants;1;Water and water based beverages;10489266;195,862;1
Italy;108;Adolescents;7;Vegetables;10486258;195,518;1
Germany;56;Infants;1;Water and water based beverages;10489266;195,086;1
Spain;67;Adults;10;Vegetables;10486258;194,955;1
Latvia;132;Elderly;12;Vegetables;10486258;194,444;1
France;75;Elderly;12;Alcoholic beverages;10489503;194,312;1
Denmark;58;Elderly;12;Grains and grain products;10485778;194,277;1
Bulgaria;24;Elderly;12;Coffee and Tea;10489360;194,194;1
Latvia;132;Adults;10;Meat;10487577;194,171;1
United Kingdom;77;Adults;10;Grains and grain products;10485778;193,641;1
Romania;185;Elderly;12;Coffee and Tea;10489360;193,4;1
Finland;70;Elderly;12;Fruit and fruit products;10487162;193,185;1
Belgium;22;Adults;10;Milk and Milk based Products;10488473;193,031;1
United Kingdom;77;Elderly;12;Grains and grain products;10485778;192,822;1
Austria;14;Adults;10;Fruit and fruit products;10487162;192,562;1
Romania;185;Adults;10;Meat;10487577;192,097;1
France;75;Elderly;12;Milk and Milk based Products;10488473;192,029;1
Belgium;22;Elderly;12;Grains and grain products;10485778;191,261;1
Bulgaria;24;Adolescents;7;Coffee and Tea;10489360;191,166;1
Austria;14;Adults;10;Vegetables;10486258;190,969;1
Portugal;180;Adults;10;Grains and grain products;10485778;190,878;1
Czech Republic;55;Adolescents;7;Fruit and fruit products;10487162;190,754;1
Finland;70;Adults;10;Fruit and fruit products;10487162;190,318;1
Hungary;99;Adults;10;Meat;10487577;189,218;1
Bulgaria;24;Adults;10;Fish;10488027;188,569;1
Austria;14;Adolescents;7;Coffee and Tea;10489360;188,252;1
Czech Republic;55;Adults;10;Meat;10487577;188,068;1
Romania;185;Adolescents;7;Fish;10488027;188,048;1
Germany;56;Elderly;12;Milk and Milk based Products;10488473;187,922;1
Spain;67;Elderly;12;Alcoholic beverages;10489503;187,547;1
France;75;Elderly;12;Vegetables;10486258;187,206;1
Spain;67;Adolescents;7;Fruit and fruit products;10487162;186,581;1
Spain;67;Adults;10;Fruit and fruit products;10487162;185,944;1
Portugal;180;Adults;10;Alcoholic beverages;10489503;185,618;1
Spain;67;Adolescents;7;Alcoholic beverages;10489503;185,001;1
Italy;108;Elderly;12;Milk and Milk based Products;10488473;184,996;1
Austria;14;Adults;10;Milk and Milk based Products;10488473;184,23;1
Finland;70;Adults;10;Fruit and fruit products;10487162;182,971;1
Romania;185;Elderly;12;Milk and Milk based Products;10488473;182,202;1
Czech Republic;55;Adults;10;Milk and Milk based Products;10488473;181,991;1
Estonia;63;Adults;10;Meat;10487577;181,643;1
Sweden;193;Elderly;12;Fruit and fruit products;10487162;181,216;1
Netherlands;162;Elderly;12;Vegetables;10486258;181,089;1
Sweden;193;Adults;10;Grains and grain products;10485778;180,723;1
Romania;185;Adolescents;7;Grains and grain products;10485778;180,596;1
Bulgaria;24;Adolescents;7;Vegetables;10486258;180,569;1
Spain;67;Adults;10;Meat;10487577;180,152;1
Latvia;132;Adults;10;Fruit and fruit products;10487162;179,871;1
Germany;56;Adolescents;7;Coffee and Tea;10489360;178,748;1
Poland;175;Elderly;12;Fish;10488027;178,074;1
Romania;185;Elderly;12;Grains and grain products;10485778;178,032;1
Belgium;22;Elderly;12;Fruit and fruit products;10487162;177,982;1
Netherlands;162;Elderly;12;Fruit and fruit products;10487162;177,938;1
Estonia;63;Adolescents;7;Grains and grain products;10485778;177,882;1
Latvia;132;Adults;10;Fruit and fruit products;10487162;177,739;1
Ireland;101;Adults;10;Meat;10487577;177,654;1
Estonia;63;Adolescents;7;Coffee and Tea;10489360;177,298;1
Bulgaria;24;Elderly;12;Fish;10488027;177,241;1
Latvia;132;Adolescents;7;Fruit and fruit products;10487162;176,86;1
Latvia;132;Elderly;12;Grains and grain products;10485778;176,812;1
Romania;185;Elderly;12;Fruit and fruit products;10487162;176,747;1
Croatia;97;Adults;10;Vegetables;10486258;176,468;1
Spain;67;Adults;10;Grains and grain products;10485778;176,392;1
Latvia;132;Adults;10;Grains and grain products;10485778;176,224;1
Netherlands;162;Elderly;12;Fruit and fruit products;10487162;176,114;1
France;75;Adults;10;Alcoholic beverages;10489503;175,347;1
Estonia;63;Adolescents;7;Grains and grain products;10485778;175,244;1
Latvia;132;Adolescents;7;Milk and Milk based Products;10488473;175,112;1
Estonia;63;Adults;10;Fruit and fruit products;10487162;174,849;1
Spain;67;Infants;1;Fruit and fruit products;10487162;174,838;1
Spain;67;Adults;10;Grains and grain products;10485778;174,809;1
Denmark;58;Adolescents;7;Alcoholic beverages;10489503;173,39;1
Croatia;97;Adults;10;Fruit and fruit products;10487162;173,22;1
Sweden;193;Elderly;12;Grains and grain products;10485778;173,176;1
Portugal;180;Elderly;12;Grains and grain products;10485778;172,588;1
Latvia;132;Adolescents;7;Fruit and fruit products;10487162;172,252;1
Latvia;132;Adolescents;7;Grains and grain products;10485778;172,042;1
Romania;185;Adults;10;Grains and grain products;10485778;171,81;1
Ireland;101;Adults;10;Meat;10487577;171,479;1
Spain;67;Adolescents;7;Fruit and fruit products;10487162;170,801;1
Denmark;58;Adults;10;Vegetables;10486258;169,756;1
Estonia;63;Adults;10;Vegetables;10486258;169,542;1
France;75;Adults;10;Fruit and fruit products;10487162;169,121;1
Sweden;193;Adolescents;7;Grains and grain products;10485778;168,111;1
Slovenia;196;Adults;10;Vegetables;10486258;167,968;1
Portugal;180;Elderly;12;Fruit and fruit products;10487162;167,485;1
Croatia;97;Adults;10;Coffee and Tea;10489360;167,233;1
Austria;14;Elderly;12;Fruit and fruit products;10487162;166,739;1
Spain;67;Adolescents;7;Meat;10487577;166,583;1
Bulgaria;24;Infants;1;Milk and Milk based Products;10488473;166,434;1
Hungary;99;Elderly;12;Vegetables;10486258;166,284;1
Estonia;63;Adults;10;Grains and grain products;10485778;165,562;1
Spain;67;Adults;10;Fruit and fruit products;10487162;164,096;1
Belgium;22;Elderly;12;Milk and Milk based Products;10488473;163,682;1
Latvia;132;Adolescents;7;Vegetables;10486258;163,654;1
United Kingdom;77;Elderly;12;Vegetables;10486258;162,892;1
Romania;185;Adolescents;7;Alcoholic beverages;10489503;162,149;1
Slovakia;198;Adults;10;Meat;10487577;162,135;1
Denmark;58;Adults;10;Vegetables;10486258;162,029;1
Latvia;132;Elderly;12;Meat;10487577;161,253;1
Bulgaria;24;Elderly;12;Fruit and fruit products;10487162;160,939;1
Romania;185;Adults;10;Fruit and fruit products;10487162;160,581;1
Italy;108;Adolescents;7;Fruit and fruit products;10487162;160,093;1
Germany;56;Adolescents;7;Fruit and fruit products;10487162;158,547;1
Bulgaria;24;Adults;10;Fruit and fruit products;10487162;158,52;1
Poland;175;Adults;10;Fish;10488027;158,282;1
Hungary;99;Elderly;12;Meat;10487577;157,334;1
France;75;Adults;10;Meat;10487577;157,228;1
Latvia;132;Adults;10;Milk and Milk based Products;10488473;156,067;1
Ireland;101;Elderly;12;Meat;10487577;156,059;1
Spain;67;Adults;10;Grains and grain products;10485778;156,018;1
Italy;108;Elderly;12;Alcoholic beverages;10489503;155,482;1
Spain;67;Adolescents;7;Meat;10487577;155,334;1
Denmark;58;Adults;10;Fruit and fruit products;10487162;155,216;1
Spain;67;Elderly;12;Vegetables;10486258;155,019;1
Belgium;22;Adults;10;Fruit and fruit products;10487162;154,995;1
Estonia;63;Elderly;12;Grains and grain products;10485778;154,572;1
Estonia;63;Adults;10;Grains and grain products;10485778;154,36;1
Cyprus;54;Adolescents;7;Water and water based beverages;10489266;154,303;1
Hungary;99;Adults;10;Vegetables;10486258;154,11;1
Austria;14;Adults;10;Meat;10487577;153,977;1
Finland;70;Adults;10;Vegetables;10486258;153,348;1
Finland;70;Adults;10;Grains and grain products;10485778;153,073;1
Finland;70;Elderly;12;Grains and grain products;10485778;152,905;1
Czech Republic;55;Adolescents;7;Meat;10487577;152,413;1
Spain;67;Adults;10;Meat;10487577;152,188;1
Netherlands;162;Elderly;12;Vegetables;10486258;151,77;1
Romania;185;Adults;10;Milk and Milk based Products;10488473;151,688;1
Estonia;63;Elderly;12;Vegetables;10486258;151,158;1
Ireland;101;Adults;10;Vegetables;10486258;150,979;1
Romania;185;Elderly;12;Meat;10487577;150,26;1
Denmark;58;Adolescents;7;Fruit and fruit products;10487162;149,512;1
Spain;67;Adolescents;7;Meat;10487577;148,024;1
Bulgaria;24;Adolescents;7;Meat;10487577;147,613;1
Romania;185;Adults;10;Coffee and Tea;10489360;147,25;1
Netherlands;162;Adults;10;Meat;10487577;146,764;1
France;75;Adolescents;7;Vegetables;10486258;146,647;1
Czech Republic;55;Adults;10;Fruit and fruit products;10487162;146,51;1
Denmark;58;Elderly;12;Vegetables;10486258;146,266;1
Portugal;180;Adults;10;Meat;10487577;146,146;1
Sweden;193;Adults;10;Fruit and fruit products;10487162;146,067;1
Bulgaria;24;Adults;10;Meat;10487577;145,71;1
Germany;56;Adolescents;7;Fruit and fruit products;10487162;145,584;1
Portugal;180;Elderly;12;Vegetables;10486258;145,059;1
Spain;67;Adults;10;Vegetables;10486258;145,002;1
Cyprus;54;Adolescents;7;Alcoholic beverages;10489503;145;1
United Kingdom;77;Elderly;12;Fruit and fruit products;10487162;144,989;1
France;75;Adults;10;Vegetables;10486258;144,709;1
France;75;Adolescents;7;Meat;10487577;144,667;1
Finland;70;Elderly;12;Vegetables;10486258;144,334;1
Latvia;132;Adults;10;Meat;10487577;144,119;1
Latvia;132;Adolescents;7;Meat;10487577;144,017;1
France;75;Adults;10;Fruit and fruit products;10487162;143,877;1
Ireland;101;Elderly;12;Vegetables;10486258;143,846;1
Belgium;22;Elderly;12;Vegetables;10486258;143,824;1
Estonia;63;Adolescents;7;Vegetables;10486258;143,706;1
Spain;67;Adolescents;7;Fruit and fruit products;10487162;143,423;1
Portugal;180;Adolescents;7;Meat;10487577;143,167;1
Italy;108;Adults;10;Coffee and Tea;10489360;143,102;1
France;75;Infants;1;Vegetables;10486258;142,723;1
United Kingdom;77;Infants;1;Water and water based beverages;10489266;142,709;1
Ireland;101;Elderly;12;Fruit and fruit products;10487162;142,692;1
Italy;108;Elderly;12;Coffee and Tea;10489360;140,927;1
Estonia;63;Adults;10;Meat;10487577;140,043;1
Portugal;180;Adults;10;Fruit and fruit products;10487162;139,983;1
United Kingdom;77;Adolescents;7;Coffee and Tea;10489360;139,915;1
Denmark;58;Adolescents;7;Vegetables;10486258;139,494;1
France;75;Elderly;12;Meat;10487577;138,192;1
Cyprus;54;Adolescents;7;Grains and grain products;10485778;137,228;1
Portugal;180;Adults;10;Vegetables;10486258;136,695;1
Austria;14;Elderly;12;Milk and Milk based Products;10488473;136,228;1
Italy;108;Adults;10;Alcoholic beverages;10489503;136,048;1
Finland;70;Adults;10;Meat;10487577;135,962;1
Sweden;193;Adults;10;Fruit and fruit products;10487162;135,941;1
Denmark;58;Adults;10;Meat;10487577;135,651;1
Spain;67;Adolescents;7;Fruit and fruit products;10487162;135,542;1
United Kingdom;77;Adolescents;7;Alcoholic beverages;10489503;135,351;1
Belgium;22;Adults;10;Vegetables;10486258;135,251;1
Finland;70;Adults;10;Meat;10487577;135,217;1
Latvia;132;Adolescents;7;Alcoholic beverages;10489503;134,5;1
Netherlands;162;Adults;10;Fruit and fruit products;10487162;134,368;1
Spain;67;Elderly;12;Grains and grain products;10485778;134,012;1
United Kingdom;77;Adults;10;Vegetables;10486258;133,943;1
Finland;70;Adolescents;7;Grains and grain products;10485778;133,777;1
Latvia;132;Infants;1;Water and water based beverages;10489266;133,731;1
Cyprus;54;Adolescents;7;Coffee and Tea;10489360;132,972;1
Netherlands;162;Adults;10;Vegetables;10486258;132,792;1
Denmark;58;Adults;10;Meat;10487577;132,598;1
Sweden;193;Adults;10;Meat;10487577;132,271;1
Belgium;22;Adolescents;7;Fruit and fruit products;10487162;131,685;1
Slovakia;198;Adults;10;Fish;10488027;130,745;1
Ireland;101;Adults;10;Vegetables;10486258;130,646;1
Finland;70;Adults;10;Vegetables;10486258;129,917;1
Denmark;58;Elderly;12;Vegetables;10486258;129,25;1
Slovakia;198;Adults;10;Vegetables;10486258;129,1;1
Estonia;63;Adolescents;7;Meat;10487577;128,878;1
Denmark;58;Adolescents;7;Vegetables;10486258;128,396;1
Spain;67;Adolescents;7;Vegetables;10486258;127,756;1
United Kingdom;77;Adults;10;Vegetables;10486258;126,775;1
Spain;67;Adults;10;Alcoholic beverages;10489503;125,307;1
Austria;14;Adults;10;Fish;10488027;125,279;1
Latvia;132;Adults;10;Vegetables;10486258;125,204;1
Spain;67;Adolescents;7;Vegetables;10486258;124,899;1
Netherlands;162;Adults;10;Meat;10487577;124,88;1
Estonia;63;Elderly;12;Meat;10487577;124,646;1
Italy;108;Adolescents;7;Meat;10487577;124,607;1
Netherlands;162;Adults;10;Fruit and fruit products;10487162;123,564;1
Cyprus;54;Adolescents;7;Fruit and fruit products;10487162;121,845;1
Belgium;22;Adults;10;Meat;10487577;121,156;1
Belgium;22;Elderly;12;Meat;10487577;120,681;1
Austria;14;Adults;10;Vegetables;10486258;120,647;1
Denmark;58;Elderly;12;Meat;10487577;120,502;1
Netherlands;162;Elderly;12;Meat;10487577;120,41;1
France;75;Adolescents;7;Fruit and fruit products;10487162;120,238;1
Denmark;58;Adolescents;7;Meat;10487577;119,688;1
Czech Republic;55;Adults;10;Vegetables;10486258;119,017;1
Poland;175;Adolescents;7;Fish;10488027;119,011;1
Estonia;63;Adolescents;7;Meat;10487577;118,364;1
Denmark;58;Adolescents;7;Meat;10487577;118,282;1
Sweden;193;Adolescents;7;Coffee and Tea;10489360;118,117;1
Sweden;193;Adolescents;7;Alcoholic beverages;10489503;117,996;1
Portugal;180;Infants;1;Fruit and fruit products;10487162;117,864;1
Germany;56;Adults;10;Meat;10487577;116,598;1
Finland;70;Elderly;12;Vegetables;10486258;116,391;1
Spain;67;Adults;10;Meat;10487577;114,853;1
Italy;108;Adults;10;Meat;10487577;114,84;1
Denmark;58;Elderly;12;Meat;10487577;114,755;1
Germany;56;Elderly;12;Vegetables;10486258;114,089;1
Slovenia;196;Adults;10;Fish;10488027;113,988;1
Finland;70;Adolescents;7;Vegetables;10486258;113,434;1
Austria;14;Elderly;12;Vegetables;10486258;113,204;1
Bulgaria;24;Elderly;12;Meat;10487577;113,19;1
Finland;70;Adolescents;7;Meat;10487577;112,995;1
United Kingdom;77;Adults;10;Fruit and fruit products;10487162;112,734;1
Latvia;132;Adolescents;7;Meat;10487577;112,686;1
United Kingdom;77;Adults;10;Fruit and fruit products;10487162;112,577;1
Estonia;63;Infants;1;Water and water based beverages;10489266;112,224;1
Netherlands;162;Elderly;12;Meat;10487577;111,713;1
France;75;Adults;10;Meat;10487577;111,467;1
Estonia;63;Adolescents;7;Vegetables;10486258;110,86;1
Sweden;193;Elderly;12;Meat;10487577;110,435;1
Finland;70;Adolescents;7;Fruit and fruit products;10487162;110,043;1
Germany;56;Adolescents;7;Vegetables;10486258;109,8;1
Belgium;22;Adolescents;7;Meat;10487577;109,79;1
Finland;70;Elderly;12;Meat;10487577;108,956;1
Ireland;101;Adults;10;Fruit and fruit products;10487162;108,884;1
Portugal;180;Adolescents;7;Vegetables;10486258;108,669;1
Italy;108;Elderly;12;Meat;10487577;108,303;1
Romania;185;Elderly;12;Alcoholic beverages;10489503;108,036;1
France;75;Elderly;12;Meat;10487577;107,66;1
Denmark;58;Adolescents;7;Fruit and fruit products;10487162;107,631;1
Italy;108;Adolescents;7;Coffee and Tea;10489360;107,193;1
Finland;70;Elderly;12;Meat;10487577;106,907;1
Austria;14;Elderly;12;Meat;10487577;106,863;1
Belgium;22;Adolescents;7;Vegetables;10486258;106,739;1
Portugal;180;Adolescents;7;Fruit and fruit products;10487162;106,588;1
Portugal;180;Elderly;12;Meat;10487577;106,203;1
Germany;56;Adults;10;Vegetables;10486258;106,134;1
Latvia;132;Infants;1;Fruit and fruit products;10487162;106,049;1
Netherlands;162;Adolescents;7;Fruit and fruit products;10487162;105,944;1
Czech Republic;55;Adolescents;7;Vegetables;10486258;105,809;1
Estonia;63;Adults;10;Fish;10488027;105,657;1
United Kingdom;77;Adults;10;Meat;10487577;104,935;1
Netherlands;162;Adults;10;Vegetables;10486258;104,787;1
Spain;67;Adolescents;7;Vegetables;10486258;104,463;1
Germany;56;Elderly;12;Meat;10487577;103,831;1
Germany;56;Infants;1;Coffee and Tea;10489360;102,24;1
Portugal;180;Infants;1;Vegetables;10486258;101,998;1
Austria;14;Adults;10;Meat;10487577;100,113;1
Germany;56;Adolescents;7;Meat;10487577;99,532;1
Portugal;180;Adolescents;7;Coffee and Tea;10489360;98,512;1
United Kingdom;77;Adults;10;Meat;10487577;97,896;1
Netherlands;162;Adolescents;7;Meat;10487577;97,58;1
Latvia;132;Infants;1;Coffee and Tea;10489360;96,586;1
Austria;14;Adolescents;7;Meat;10487577;95,998;1
Ireland;101;Adults;10;Fruit and fruit products;10487162;95,724;1
France;75;Infants;1;Fruit and fruit products;10487162;95,663;1
Sweden;193;Adolescents;7;Fruit and fruit products;10487162;95,494;1
Netherlands;162;Adolescents;7;Vegetables;10486258;94,923;1
Italy;108;Infants;1;Fruit and fruit products;10487162;94,559;1
France;75;Adolescents;7;Meat;10487577;94,361;1
France;75;Adolescents;7;Vegetables;10486258;94,214;1
Cyprus;54;Adolescents;7;Vegetables;10486258;93,109;1
Austria;14;Elderly;12;Fish;10488027;92,8;1
Latvia;132;Adolescents;7;Vegetables;10486258;89,573;1
Spain;67;Adolescents;7;Vegetables;10486258;89,469;1
Spain;67;Elderly;12;Meat;10487577;89,388;1
Latvia;132;Adults;10;Fish;10488027;86,212;1
Bulgaria;24;Infants;1;Coffee and Tea;10489360;86,005;1
Austria;14;Adolescents;7;Fruit and fruit products;10487162;85,159;1
Spain;67;Infants;1;Vegetables;10486258;84,979;1
Germany;56;Adolescents;7;Meat;10487577;84,972;1
Spain;67;Adults;10;Coffee and Tea;10489360;84,799;1
Spain;67;Elderly;12;Coffee and Tea;10489360;84,729;1
France;75;Adolescents;7;Fruit and fruit products;10487162;84,641;1
Spain;67;Adults;10;Fish;10488027;84,011;1
United Kingdom;77;Elderly;12;Meat;10487577;83,944;1
Latvia;132;Elderly;12;Fish;10488027;83,709;1
Cyprus;54;Adolescents;7;Meat;10487577;82,965;1
Denmark;58;Adolescents;7;Coffee and Tea;10489360;82,824;1
Denmark;58;Adolescents;7;Coffee and Tea;10489360;82,425;1
France;75;Adolescents;7;Coffee and Tea;10489360;80,969;1
Finland;70;Adolescents;7;Coffee and Tea;10489360;80,77;1
Croatia;97;Adults;10;Fish;10488027;80,698;1
United Kingdom;77;Adolescents;7;Fruit and fruit products;10487162;80,572;1
Spain;67;Adults;10;Fish;10488027;80,274;1
Spain;67;Infants;1;Water and water based beverages;10489266;80,257;1
United Kingdom;77;Adolescents;7;Meat;10487577;79,919;1
Czech Republic;55;Adults;10;Fish;10488027;79,578;1
Finland;70;Elderly;12;Fish;10488027;79,418;1
Austria;14;Adults;10;Fish;10488027;79,379;1
Sweden;193;Elderly;12;Vegetables;10486258;79,345;1
Netherlands;162;Elderly;12;Fish;10488027;79,112;1
Sweden;193;Adults;10;Vegetables;10486258;78,689;1
Belgium;22;Elderly;12;Fish;10488027;76,172;1
Germany;56;Adolescents;7;Vegetables;10486258;75,965;1
United Kingdom;77;Adolescents;7;Vegetables;10486258;75,876;1
Denmark;58;Infants;1;Fruit and fruit products;10487162;75,546;1
Sweden;193;Elderly;12;Fish;10488027;75,05;1
Finland;70;Elderly;12;Fish;10488027;74,879;1
Spain;67;Adolescents;7;Fish;10488027;73,591;1
France;75;Adolescents;7;Coffee and Tea;10489360;73,575;1
Sweden;193;Adolescents;7;Meat;10487577;73,539;1
Spain;67;Adolescents;7;Fish;10488027;72,097;1
Italy;108;Adolescents;7;Fish;10488027;71,461;1
Latvia;132;Infants;1;Vegetables;10486258;69,557;1
Czech Republic;55;Adolescents;7;Fish;10488027;69,499;1
Germany;56;Elderly;12;Fish;10488027;69,45;1
Germany;56;Infants;1;Fruit and fruit products;10487162;69,027;1
Hungary;99;Adults;10;Fish;10488027;68,921;1
Netherlands;162;Elderly;12;Fish;10488027;68,506;1
Finland;70;Adults;10;Fish;10488027;67,832;1
Italy;108;Adults;10;Fish;10488027;67,061;1
Italy;108;Elderly;12;Fish;10488027;66,946;1
Spain;67;Elderly;12;Fish;10488027;66,186;1
Estonia;63;Infants;1;Fruit and fruit products;10487162;66,159;1
Spain;67;Adolescents;7;Fish;10488027;66,008;1
France;75;Elderly;12;Fish;10488027;65,898;1
Austria;14;Adolescents;7;Vegetables;10486258;65,595;1
Sweden;193;Adults;10;Meat;10487577;65,59;1
Portugal;180;Elderly;12;Fish;10488027;65,286;1
Estonia;63;Infants;1;Milk and Milk based Products;10488473;65,25;1
Latvia;132;Adults;10;Fish;10488027;65,121;1
Germany;56;Adults;10;Fish;10488027;64,973;1
Portugal;180;Adults;10;Fish;10488027;64,709;1
Latvia;132;Adolescents;7;Fish;10488027;64,647;1
Bulgaria;24;Infants;1;Fruit and fruit products;10487162;64,531;1
Sweden;193;Adults;10;Vegetables;10486258;64,493;1
France;75;Adults;10;Fish;10488027;63,849;1
Romania;185;Elderly;12;Fish;10488027;63,419;1
Finland;70;Adults;10;Fish;10488027;62,722;1
Spain;67;Adolescents;7;Alcoholic beverages;10489503;61,738;1
Poland;175;Adolescents;7;Sugar and similars;10488911;61,682;1
Belgium;22;Adults;10;Fish;10488027;61,571;1
Spain;67;Adolescents;7;Fish;10488027;60,983;1
United Kingdom;77;Infants;1;Fruit and fruit products;10487162;60,804;1
Italy;108;Infants;1;Coffee and Tea;10489360;60;1
Estonia;63;Adults;10;Fish;10488027;58,868;1
Spain;67;Adults;10;Fish;10488027;58,02;1
Finland;70;Infants;1;Milk and Milk based Products;10488473;57,199;1
Hungary;99;Elderly;12;Fish;10488027;56,617;1
Sweden;193;Adults;10;Fish;10488027;55,621;1
Germany;56;Adolescents;7;Fish;10488027;55,332;1
Estonia;63;Elderly;12;Fish;10488027;55,124;1
Ireland;101;Elderly;12;Fish;10488027;55,096;1
Latvia;132;Adolescents;7;Sugar and similars;10488911;54,768;1
Netherlands;162;Adults;10;Fish;10488027;54,536;1
Denmark;58;Infants;1;Grains and grain products;10485778;54,291;1
Austria;14;Adolescents;7;Fish;10488027;53,939;1
Bulgaria;24;Infants;1;Grains and grain products;10485778;53,635;1
Poland;175;Adults;10;Sugar and similars;10488911;53,569;1
Slovakia;198;Adults;10;Sugar and similars;10488911;53,526;1
Italy;108;Infants;1;Grains and grain products;10485778;52,749;1
Latvia;132;Infants;1;Grains and grain products;10485778;51,843;1
Latvia;132;Adolescents;7;Fish;10488027;51,691;1
France;75;Adolescents;7;Fish;10488027;50,657;1
United Kingdom;77;Elderly;12;Fish;10488027;49,745;1
Finland;70;Infants;1;Fruit and fruit products;10487162;49,558;1
United Kingdom;77;Infants;1;Vegetables;10486258;49,309;1
Netherlands;162;Adults;10;Fish;10488027;48,892;1
Estonia;63;Infants;1;Vegetables;10486258;47,819;1
Bulgaria;24;Infants;1;Vegetables;10486258;46,827;1
Ireland;101;Adults;10;Fish;10488027;46,494;1
Spain;67;Infants;1;Meat;10487577;46,46;1
Cyprus;54;Adolescents;7;Fish;10488027;46,35;1
United Kingdom;77;Adults;10;Fish;10488027;45,855;1
Belgium;22;Adolescents;7;Fish;10488027;45,848;1
Estonia;63;Adolescents;7;Fish;10488027;45,514;1
Latvia;132;Infants;1;Meat;10487577;45,481;1
Poland;175;Elderly;12;Sugar and similars;10488911;45,245;1
Portugal;180;Adolescents;7;Fish;10488027;45,232;1
Portugal;180;Infants;1;Coffee and Tea;10489360;45;1
Netherlands;162;Adolescents;7;Fish;10488027;44,975;1
Germany;56;Adolescents;7;Sugar and similars;10488911;44,475;1
Denmark;58;Adolescents;7;Sugar and similars;10488911;44,026;1
Estonia;63;Adolescents;7;Fish;10488027;43,601;1
Germany;56;Infants;1;Grains and grain products;10485778;43,095;1
Belgium;22;Adolescents;7;Sugar and similars;10488911;43,092;1
Romania;185;Adults;10;Fish;10488027;42,726;1
Germany;56;Infants;1;Vegetables;10486258;42,085;1
Netherlands;162;Adolescents;7;Sugar and similars;10488911;41,963;1
Denmark;58;Adolescents;7;Sugar and similars;10488911;41,731;1
Netherlands;162;Adults;10;Sugar and similars;10488911;40,192;1
Spain;67;Infants;1;Fish;10488027;39,906;1
Austria;14;Adults;10;Sugar and similars;10488911;39,844;1
Romania;185;Adolescents;7;Sugar and similars;10488911;39,464;1
Latvia;132;Adults;10;Sugar and similars;10488911;39,163;1
Estonia;63;Infants;1;Coffee and Tea;10489360;39,144;1
Finland;70;Infants;1;Vegetables;10486258;39,121;1
United Kingdom;77;Infants;1;Grains and grain products;10485778;38,525;1
France;75;Adolescents;7;Sugar and similars;10488911;37,63;1
Bulgaria;24;Infants;1;Meat;10487577;37,494;1
France;75;Elderly;12;Fish;10488027;37,329;1
Estonia;63;Adolescents;7;Sugar and similars;10488911;35,934;1
Denmark;58;Adults;10;Sugar and similars;10488911;35,699;1
Germany;56;Adolescents;7;Fish;10488027;35,507;1
Latvia;132;Infants;1;Fish;10488027;35,411;1
France;75;Adolescents;7;Alcoholic beverages;10489503;35,184;1
Latvia;132;Adults;10;Sugar and similars;10488911;35,084;1
Denmark;58;Adults;10;Sugar and similars;10488911;35,064;1
United Kingdom;77;Adults;10;Fish;10488027;35,04;1
Latvia;132;Adolescents;7;Sugar and similars;10488911;35,001;1
Sweden;193;Adolescents;7;Vegetables;10486258;34,822;1
France;75;Adults;10;Fish;10488027;34,558;1
Belgium;22;Adults;10;Sugar and similars;10488911;34,525;1
Finland;70;Adolescents;7;Sugar and similars;10488911;34,331;1
Germany;56;Adolescents;7;Sugar and similars;10488911;34,276;1
Denmark;58;Infants;1;Vegetables;10486258;33,825;1
Bulgaria;24;Adolescents;7;Sugar and similars;10488911;33,557;1
Netherlands;162;Adults;10;Sugar and similars;10488911;33,209;1
Finland;70;Adults;10;Sugar and similars;10488911;33,111;1
France;75;Adolescents;7;Alcoholic beverages;10489503;32,86;1
United Kingdom;77;Infants;1;Coffee and Tea;10489360;32,719;1
Finland;70;Adolescents;7;Alcoholic beverages;10489503;32,659;1
Germany;56;Adults;10;Sugar and similars;10488911;32,654;1
Ireland;101;Adults;10;Fish;10488027;32,385;1
United Kingdom;77;Adolescents;7;Fish;10488027;32,303;1
Hungary;99;Adults;10;Sugar and similars;10488911;32,013;1
Sweden;193;Adults;10;Fish;10488027;31,755;1
Denmark;58;Elderly;12;Sugar and similars;10488911;31,28;1
Estonia;63;Adults;10;Sugar and similars;10488911;30,951;1
Czech Republic;55;Adolescents;7;Sugar and similars;10488911;30,669;1
United Kingdom;77;Adolescents;7;Sugar and similars;10488911;30,42;1
Italy;108;Infants;1;Meat;10487577;30,274;1
Denmark;58;Elderly;12;Sugar and similars;10488911;29,898;1
Sweden;193;Adolescents;7;Sugar and similars;10488911;29,795;1
Ireland;101;Adults;10;Sugar and similars;10488911;29,66;1
Germany;56;Adolescents;7;Alcoholic beverages;10489503;28,918;1
Sweden;193;Adolescents;7;Fish;10488027;28,894;1
France;75;Adults;10;Sugar and similars;10488911;28,811;1
Latvia;132;Elderly;12;Sugar and similars;10488911;28,583;1
Estonia;63;Adolescents;7;Sugar and similars;10488911;28,457;1
United Kingdom;77;Adults;10;Sugar and similars;10488911;28,214;1
Finland;70;Adolescents;7;Fish;10488027;28,081;1
Spain;67;Adolescents;7;Sugar and similars;10488911;28,038;1
Netherlands;162;Elderly;12;Sugar and similars;10488911;27,81;1
Estonia;63;Adults;10;Sugar and similars;10488911;27,429;1
Slovenia;196;Adults;10;Sugar and similars;10488911;26,96;1
Denmark;58;Elderly;12;Fish;10488027;26,947;1
Bulgaria;24;Infants;1;Fish;10488027;26,452;1
Bulgaria;24;Adults;10;Sugar and similars;10488911;26,245;1
Sweden;193;Adults;10;Sugar and similars;10488911;26,196;1
Austria;14;Adults;10;Sugar and similars;10488911;26,166;1
Portugal;180;Adults;10;Sugar and similars;10488911;26,153;1
Finland;70;Adults;10;Sugar and similars;10488911;26,072;1
France;75;Infants;1;Grains and grain products;10485778;25,972;1
Belgium;22;Elderly;12;Sugar and similars;10488911;25,968;1
Spain;67;Adolescents;7;Sugar and similars;10488911;25,929;1
Denmark;58;Elderly;12;Fish;10488027;25,88;1
France;75;Adolescents;7;Sugar and similars;10488911;25,657;1
Bulgaria;24;Infants;1;Alcoholic beverages;10489503;25,583;1
France;75;Adolescents;7;Fish;10488027;25,499;1
Portugal;180;Adolescents;7;Sugar and similars;10488911;25,486;1
Estonia;63;Elderly;12;Sugar and similars;10488911;25,47;1
Italy;108;Adolescents;7;Sugar and similars;10488911;25,323;1
Netherlands;162;Elderly;12;Sugar and similars;10488911;25,304;1
United Kingdom;77;Adults;10;Sugar and similars;10488911;25,182;1
Hungary;99;Elderly;12;Sugar and similars;10488911;25,048;1
Estonia;63;Infants;1;Grains and grain products;10485778;24,464;1
Finland;70;Elderly;12;Sugar and similars;10488911;24,434;1
United Kingdom;77;Elderly;12;Sugar and similars;10488911;23,952;1
Portugal;180;Elderly;12;Sugar and similars;10488911;23,878;1
Spain;67;Adolescents;7;Sugar and similars;10488911;23,845;1
Denmark;58;Infants;1;Meat;10487577;22,858;1
Italy;108;Adults;10;Sugar and similars;10488911;22,824;1
Czech Republic;55;Adults;10;Sugar and similars;10488911;22,758;1
Ireland;101;Adults;10;Sugar and similars;10488911;22,729;1
Germany;56;Elderly;12;Sugar and similars;10488911;22,678;1
Denmark;58;Adults;10;Fish;10488027;22,636;1
Estonia;63;Infants;1;Meat;10487577;22,633;1
Austria;14;Adolescents;7;Sugar and similars;10488911;22,5;1
France;75;Adults;10;Sugar and similars;10488911;22,431;1
Spain;67;Adolescents;7;Coffee and Tea;10489360;22,32;1
Italy;108;Infants;1;Vegetables;10486258;22,185;1
Sweden;193;Adults;10;Sugar and similars;10488911;22,012;1
Italy;108;Elderly;12;Sugar and similars;10488911;21,637;1
Bulgaria;24;Elderly;12;Sugar and similars;10488911;21,252;1
Portugal;180;Infants;1;Grains and grain products;10485778;21,199;1
Spain;67;Adults;10;Sugar and similars;10488911;21,061;1
Denmark;58;Infants;1;Coffee and Tea;10489360;20,825;1
Spain;67;Adolescents;7;Coffee and Tea;10489360;20,689;1
Denmark;58;Adults;10;Fish;10488027;20,355;1
Portugal;180;Infants;1;Fish;10488027;19,84;1
Cyprus;54;Adolescents;7;Sugar and similars;10488911;19,736;1
Croatia;97;Adults;10;Sugar and similars;10488911;19,125;1
Romania;185;Adults;10;Sugar and similars;10488911;18,937;1
France;75;Infants;1;Meat;10487577;18,799;1
Spain;67;Adults;10;Sugar and similars;10488911;18,79;1
Sweden;193;Elderly;12;Sugar and similars;10488911;18,181;1
Finland;70;Elderly;12;Sugar and similars;10488911;18,163;1
France;75;Elderly;12;Sugar and similars;10488911;18,156;1
France;75;Elderly;12;Sugar and similars;10488911;17,8;1
Finland;70;Infants;1;Grains and grain products;10485778;17,568;1
United Kingdom;77;Infants;1;Meat;10487577;17,508;1
Finland;70;Infants;1;Meat;10487577;17,308;1
Italy;108;Infants;1;Fish;10488027;17,205;1
Ireland;101;Elderly;12;Sugar and similars;10488911;17,154;1
Estonia;63;Infants;1;Fish;10488027;16,869;1
Portugal;180;Infants;1;Meat;10487577;16,357;1
Austria;14;Elderly;12;Sugar and similars;10488911;16,291;1
Spain;67;Infants;1;Grains and grain products;10485778;15,714;1
Romania;185;Elderly;12;Sugar and similars;10488911;15,668;1
Spain;67;Adolescents;7;Sugar and similars;10488911;15,241;1
Germany;56;Infants;1;Meat;10487577;15,013;1
Denmark;58;Adolescents;7;Fish;10488027;14,818;1
Denmark;58;Adolescents;7;Fish;10488027;14,478;1
Italy;108;Infants;1;Sugar and similars;10488911;13,813;1
Spain;67;Adults;10;Sugar and similars;10488911;13,693;1
France;75;Infants;1;Coffee and Tea;10489360;13,343;1
Spain;67;Adolescents;7;Coffee and Tea;10489360;12,97;1
Spain;67;Elderly;12;Sugar and similars;10488911;11,813;1
Spain;67;Adolescents;7;Coffee and Tea;10489360;11,785;1
Czech Republic;55;Adults;10;Coffee and Tea;10489360;11,634;1
United Kingdom;77;Infants;1;Fish;10488027;11,35;1
Bulgaria;24;Infants;1;Sugar and similars;10488911;11,262;1
Spain;67;Adults;10;Coffee and Tea;10489360;10,426;1
Portugal;180;Adolescents;7;Alcoholic beverages;10489503;10,361;1
France;75;Infants;1;Fish;10488027;9,78;1
Spain;67;Adults;10;Coffee and Tea;10489360;9,658;1
Finland;70;Infants;1;Sugar and similars;10488911;9,16;1
Austria;14;Adolescents;7;Alcoholic beverages;10489503;8,814;1
Latvia;132;Adolescents;7;Alcoholic beverages;10489503;8,533;1
Denmark;58;Infants;1;Fish;10488027;8,121;1
Portugal;180;Infants;1;Alcoholic beverages;10489503;8;1
Latvia;132;Infants;1;Sugar and similars;10488911;7,74;1
Germany;56;Infants;1;Fish;10488027;7,193;1
United Kingdom;77;Infants;1;Sugar and similars;10488911;7,171;1
Portugal;180;Infants;1;Sugar and similars;10488911;7,011;1
France;75;Infants;1;Sugar and similars;10488911;5,867;1
Czech Republic;55;Adolescents;7;Coffee and Tea;10489360;5,125;1
Finland;70;Infants;1;Fish;10488027;5,122;1
Spain;67;Adolescents;7;Alcoholic beverages;10489503;5;1
Italy;108;Adolescents;7;Alcoholic beverages;10489503;4,53;1
Denmark;58;Infants;1;Sugar and similars;10488911;4,153;1
United Kingdom;77;Infants;1;Alcoholic beverages;10489503;3,927;1
Germany;56;Infants;1;Sugar and similars;10488911;2,844;1
Spain;67;Infants;1;Sugar and similars;10488911;2,55;1
Estonia;63;Infants;1;Sugar and similars;10488911;2,281;1
Spain;67;Infants;1;Coffee and Tea;10489360;2,222;1
