Country;IDCountry;populationGroup;IDpopulationGroup;Category1;IDCategory1;Category2;IDCategory2;Category3;IDCategory3;avg_GramsPerDay;CategoryLevel
Germany;56;Adolescents;7;Alcoholic_beverages;10489503;Wine;10489530;Wine;10489531;1;3
Italy;108;Adolescents;7;Alcoholic_beverages;10489503;Spirit Drinks and Liqueurs;10490639;Spirit Drinks and Liqueurs;10489581;1,013;3
Germany;56;Adolescents;7;Alcoholic_beverages;10489503;Wine;10489530;NULL;NULL;1,107;2
Spain;67;Adolescents;7;Alcoholic_beverages;10489503;Spirit Drinks and Liqueurs;10490639;Liqueurs;10489562;1,11;3
Germany;56;Adolescents;7;Alcoholic_beverages;10489503;Spirit Drinks and Liqueurs;10490639;NULL;NULL;1,473;2
Germany;56;Adolescents;7;Alcoholic_beverages;10489503;Wine;10489530;Dessert_wines;10489551;1,807;3
France;75;Adolescents;7;Alcoholic_beverages;10489503;Spirit Drinks and Liqueurs;10490639;Spirit Drinks and Liqueurs;10489581;2,076;3
Netherlands;162;Adults;10;Alcoholic beverages;10489503;Alcoholic beverages;10489503;NULL;NULL;2,184;2
Netherlands;162;Adults;10;Alcoholic beverages;10489503;Alcoholic beverages;10489503;Alcoholic beverages;10489503;2,184;3
Italy;108;Adolescents;7;Alcoholic_beverages;10489503;Wine;10489530;NULL;NULL;2,222;2
Italy;108;Adolescents;7;Alcoholic_beverages;10489503;Wine;10489530;Wine;10489531;2,237;3
Denmark;58;Elderly;12;Alcoholic_beverages;10489503;Spirit Drinks and Liqueurs;10490639;Spirit Drinks and Liqueurs;10489581;2,437;3
Italy;108;Adults;10;Alcoholic_beverages;10489503;Wine;10489530;Dessert_wines;10489551;2,925;3
Ireland;101;Adults;10;Alcoholic_beverages;10489503;Wine;10489530;Dessert_wines;10489551;2,952;3
United Kingdom;77;Infants;1;Alcoholic_beverages;10489503;Wine;10489530;NULL;NULL;3,613;2
United Kingdom;77;Infants;1;Alcoholic_beverages;10489503;Wine;10489530;Wine;10489531;3,613;3
France;75;Adolescents;7;Alcoholic_beverages;10489503;Spirit Drinks and Liqueurs;10490639;NULL;NULL;3,688;2
United Kingdom;77;Infants;1;Alcoholic_beverages;10489503;NULL;NULL;NULL;NULL;3,927;1
Slovenia;196;Adults;10;Alcoholic_beverages;10489503;Spirit Drinks and Liqueurs;10490639;NULL;NULL;4,367;2
Slovenia;196;Adults;10;Alcoholic_beverages;10489503;Spirit Drinks and Liqueurs;10490639;Spirit Drinks and Liqueurs;10489581;4,367;3
Italy;108;Adolescents;7;Alcoholic_beverages;10489503;NULL;NULL;NULL;NULL;4,53;1
Austria;14;Adults;10;Alcoholic_beverages;10489503;Spirit Drinks and Liqueurs;10490639;Spirit Drinks and Liqueurs;10489581;4,984;3
Spain;67;Adolescents;7;Alcoholic_beverages;10489503;NULL;NULL;NULL;NULL;5;1
Spain;67;Adolescents;7;Alcoholic_beverages;10489503;Wine;10489530;NULL;NULL;5;2
Spain;67;Adolescents;7;Alcoholic_beverages;10489503;Wine;10489530;Wine;10489531;5;3
Sweden;193;Adults;10;Alcoholic_beverages;10489503;Mixed alcoholic drinks;10489589;Other_mixed_alcoholic_drinks;10489592;5;3
Spain;67;Adults;10;Alcoholic_beverages;10489503;Spirit Drinks and Liqueurs;10490639;Liqueurs;10489562;5,036;3
Austria;14;Adults;10;Alcoholic_beverages;10489503;Spirit Drinks and Liqueurs;10490639;NULL;NULL;5,242;2
Denmark;58;Adolescents;7;Alcoholic_beverages;10489503;Wine;10489530;Dessert_wines;10489551;5,357;3
Italy;108;Elderly;12;Alcoholic_beverages;10489503;Spirit Drinks and Liqueurs;10490639;Liqueurs;10489562;5,417;3
United Kingdom;77;Adolescents;7;Alcoholic_beverages;10489503;Wine;10489530;Dessert_wines;10489551;5,588;3
Portugal;180;Infants;1;Alcoholic_beverages;10489503;Wine;10489530;Dessert_wines;10489551;5,588;3
Finland;70;Adolescents;7;Alcoholic_beverages;10489503;Wine;10489530;Wine;10489531;5,604;3
Finland;70;Adults;10;Alcoholic_beverages;10489503;Wine;10489530;Dessert_wines;10489551;5,878;3
Germany;56;Elderly;12;Alcoholic_beverages;10489503;Alcoholic beverages;10489503;NULL;NULL;6,079;2
Germany;56;Elderly;12;Alcoholic_beverages;10489503;Alcoholic beverages;10489503;Alcoholic beverages;10489503;6,079;3
Austria;14;Adolescents;7;Alcoholic_beverages;10489503;Wine;10489530;NULL;NULL;6,504;2
Austria;14;Adolescents;7;Alcoholic_beverages;10489503;Wine;10489530;Wine;10489531;6,504;3
Portugal;180;Adolescents;7;Alcoholic_beverages;10489503;Wine;10489530;Wine;10489531;6,558;3
United Kingdom;77;Adults;10;Alcoholic_beverages;10489503;Mixed alcoholic drinks;10489589;Cocktails;10489590;6,571;3
Spain;67;Adolescents;7;Alcoholic_beverages;10489503;Wine;10489530;Dessert_wines;10489551;6,651;3
Germany;56;Adolescents;7;Alcoholic_beverages;10489503;Spirit Drinks and Liqueurs;10490639;Liqueurs;10489562;6,888;3
Portugal;180;Infants;1;Alcoholic_beverages;10489503;Wine;10489530;Wine;10489531;7,379;3
Germany;56;Adolescents;7;Alcoholic_beverages;10489503;Alcoholic beverages;10489503;NULL;NULL;7,412;2
Germany;56;Adolescents;7;Alcoholic_beverages;10489503;Alcoholic beverages;10489503;Alcoholic beverages;10489503;7,412;3
Czech Republic;55;Adolescents;7;Alcoholic_beverages;10489503;Spirit Drinks and Liqueurs;10490639;NULL;NULL;7,832;2
Czech Republic;55;Adolescents;7;Alcoholic_beverages;10489503;Spirit Drinks and Liqueurs;10490639;Spirit Drinks and Liqueurs;10489581;7,832;3
Portugal;180;Adolescents;7;Alcoholic_beverages;10489503;Wine;10489530;NULL;NULL;7,992;2
United Kingdom;77;Infants;1;Alcoholic_beverages;10489503;Beer;10489514;NULL;NULL;8;2
United Kingdom;77;Infants;1;Alcoholic_beverages;10489503;Beer;10489514;Beer;10489515;8;3
Portugal;180;Infants;1;Alcoholic_beverages;10489503;NULL;NULL;NULL;NULL;8;1
Portugal;180;Infants;1;Alcoholic_beverages;10489503;Wine;10489530;NULL;NULL;8;2
Austria;14;Adults;10;Alcoholic_beverages;10489503;Spirit Drinks and Liqueurs;10490639;Liqueurs;10489562;8,095;3
Portugal;180;Adolescents;7;Alcoholic_beverages;10489503;Spirit Drinks and Liqueurs;10490639;Liqueurs;10489562;8,295;3
Denmark;58;Adults;10;Alcoholic_beverages;10489503;Spirit Drinks and Liqueurs;10490639;Spirit Drinks and Liqueurs;10489581;8,305;3
France;75;Elderly;12;Alcoholic_beverages;10489503;Spirit Drinks and Liqueurs;10490639;Spirit Drinks and Liqueurs;10489581;8,35;3
Latvia;132;Adolescents;7;Alcoholic_beverages;10489503;NULL;NULL;NULL;NULL;8,533;1
Latvia;132;Adolescents;7;Alcoholic_beverages;10489503;Wine;10489530;NULL;NULL;8,533;2
Latvia;132;Adolescents;7;Alcoholic_beverages;10489503;Wine;10489530;Wine;10489531;8,533;3
Denmark;58;Adults;10;Alcoholic_beverages;10489503;Spirit Drinks and Liqueurs;10490639;Liqueurs;10489562;8,571;3
Sweden;193;Elderly;12;Alcoholic_beverages;10489503;Spirit Drinks and Liqueurs;10490639;Liqueurs;10489562;8,643;3
Austria;14;Adolescents;7;Alcoholic_beverages;10489503;NULL;NULL;NULL;NULL;8,814;1
Germany;56;Adults;10;Alcoholic_beverages;10489503;Alcoholic beverages;10489503;NULL;NULL;8,815;2
Germany;56;Adults;10;Alcoholic_beverages;10489503;Alcoholic beverages;10489503;Alcoholic beverages;10489503;8,815;3
France;75;Adolescents;7;Alcoholic_beverages;10489503;Wine;10489530;Wine;10489531;8,908;3
Netherlands;162;Adolescents;7;Alcoholic beverages;10489503;Wine;10489530;Dessert_wines;10489551;9,022;3
France;75;Elderly;12;Alcoholic_beverages;10489503;Spirit Drinks and Liqueurs;10490639;Spirit Drinks and Liqueurs;10489581;9,039;3
France;75;Elderly;12;Alcoholic_beverages;10489503;Spirit Drinks and Liqueurs;10490639;NULL;NULL;9,631;2
Sweden;193;Adults;10;Alcoholic_beverages;10489503;Spirit Drinks and Liqueurs;10490639;Liqueurs;10489562;9,643;3
Sweden;193;Adults;10;Alcoholic_beverages;10489503;Mixed alcoholic drinks;10489589;NULL;NULL;9,714;2
Spain;67;Adults;10;Alcoholic_beverages;10489503;Wine;10489530;Dessert_wines;10489551;9,892;3
Latvia;132;Adolescents;7;Alcoholic_beverages;10489503;Wine;10489530;NULL;NULL;10;2
Latvia;132;Adolescents;7;Alcoholic_beverages;10489503;Wine;10489530;Wine;10489531;10;3
Latvia;132;Elderly;12;Alcoholic_beverages;10489503;Spirit Drinks and Liqueurs;10490639;Liqueurs;10489562;10;3
Ireland;101;Adults;10;Alcoholic_beverages;10489503;Spirit Drinks and Liqueurs;10490639;Liqueurs;10489562;10,137;3
Portugal;180;Adolescents;7;Alcoholic_beverages;10489503;NULL;NULL;NULL;NULL;10,361;1
Denmark;58;Elderly;12;Alcoholic_beverages;10489503;Wine;10489530;Dessert_wines;10489551;10,728;3
Italy;108;Elderly;12;Alcoholic_beverages;10489503;Spirit Drinks and Liqueurs;10490639;NULL;NULL;11,016;2
Ireland;101;Adults;10;Alcoholic_beverages;10489503;Wine;10489530;Dessert_wines;10489551;11,849;3
Denmark;58;Adolescents;7;Alcoholic_beverages;10489503;Wine;10489530;Dessert_wines;10489551;11,905;3
Sweden;193;Elderly;12;Alcoholic_beverages;10489503;Mixed alcoholic drinks;10489589;Other_mixed_alcoholic_drinks;10489592;12;3
Denmark;58;Adolescents;7;Alcoholic_beverages;10489503;Spirit Drinks and Liqueurs;10490639;NULL;NULL;12,053;2
Denmark;58;Adolescents;7;Alcoholic_beverages;10489503;Spirit Drinks and Liqueurs;10490639;Spirit Drinks and Liqueurs;10489581;12,053;3
France;75;Adults;10;Alcoholic_beverages;10489503;Spirit Drinks and Liqueurs;10490639;Liqueurs;10489562;12,1;3
France;75;Adults;10;Alcoholic_beverages;10489503;Spirit Drinks and Liqueurs;10490639;Spirit Drinks and Liqueurs;10489581;12,13;3
Portugal;180;Adolescents;7;Alcoholic_beverages;10489503;Spirit Drinks and Liqueurs;10490639;Spirit Drinks and Liqueurs;10489581;12,173;3
Spain;67;Adolescents;7;Alcoholic_beverages;10489503;Wine;10489530;NULL;NULL;12,191;2
Sweden;193;Adults;10;Alcoholic_beverages;10489503;Spirit Drinks and Liqueurs;10490639;Liqueurs;10489562;12,31;3
United Kingdom;77;Adults;10;Alcoholic_beverages;10489503;Spirit Drinks and Liqueurs;10490639;Liqueurs;10489562;12,325;3
Austria;14;Adults;10;Alcoholic_beverages;10489503;Spirit Drinks and Liqueurs;10490639;Spirit Drinks and Liqueurs;10489581;12,5;3
Ireland;101;Elderly;12;Alcoholic_beverages;10489503;Spirit Drinks and Liqueurs;10490639;Liqueurs;10489562;12,5;3
France;75;Adults;10;Alcoholic_beverages;10489503;Spirit Drinks and Liqueurs;10490639;NULL;NULL;12,708;2
Romania;185;Adults;10;Alcoholic_beverages;10489503;Spirit Drinks and Liqueurs;10490639;Liqueurs;10489562;12,857;3
France;75;Adolescents;7;Alcoholic_beverages;10489503;Wine;10489530;NULL;NULL;12,998;2
Romania;185;Elderly;12;Alcoholic_beverages;10489503;Spirit Drinks and Liqueurs;10490639;NULL;NULL;13,265;2
Romania;185;Elderly;12;Alcoholic_beverages;10489503;Spirit Drinks and Liqueurs;10490639;Spirit Drinks and Liqueurs;10489581;13,265;3
France;75;Adolescents;7;Alcoholic_beverages;10489503;Spirit Drinks and Liqueurs;10490639;Liqueurs;10489562;13,402;3
Denmark;58;Elderly;12;Alcoholic_beverages;10489503;Wine;10489530;Dessert_wines;10489551;13,415;3
Portugal;180;Adolescents;7;Alcoholic_beverages;10489503;Spirit Drinks and Liqueurs;10490639;NULL;NULL;13,556;2
Denmark;58;Adults;10;Alcoholic_beverages;10489503;Wine;10489530;Dessert_wines;10489551;13,603;3
Italy;108;Adults;10;Alcoholic_beverages;10489503;Spirit Drinks and Liqueurs;10490639;Liqueurs;10489562;13,784;3
France;75;Elderly;12;Alcoholic_beverages;10489503;Wine;10489530;Dessert_wines;10489551;13,834;3
Denmark;58;Adults;10;Alcoholic_beverages;10489503;Wine;10489530;Dessert_wines;10489551;13,87;3
Finland;70;Adults;10;Alcoholic_beverages;10489503;Wine;10489530;Dessert_wines;10489551;14,118;3
Spain;67;Adolescents;7;Alcoholic_beverages;10489503;Wine;10489530;Wine;10489531;14,277;3
France;75;Adolescents;7;Alcoholic_beverages;10489503;Spirit Drinks and Liqueurs;10490639;NULL;NULL;14,337;2
Spain;67;Adults;10;Alcoholic_beverages;10489503;Spirit Drinks and Liqueurs;10490639;Liqueurs;10489562;14,365;3
France;75;Adolescents;7;Alcoholic_beverages;10489503;Wine;10489530;Wine;10489531;14,384;3
France;75;Adolescents;7;Alcoholic_beverages;10489503;Spirit Drinks and Liqueurs;10490639;Spirit Drinks and Liqueurs;10489581;14,4;3
Denmark;58;Adults;10;Alcoholic_beverages;10489503;Spirit Drinks and Liqueurs;10490639;NULL;NULL;14,504;2
Denmark;58;Adults;10;Alcoholic_beverages;10489503;Spirit Drinks and Liqueurs;10490639;Spirit Drinks and Liqueurs;10489581;14,504;3
Denmark;58;Adults;10;Alcoholic_beverages;10489503;Spirit Drinks and Liqueurs;10490639;NULL;NULL;14,819;2
Netherlands;162;Adults;10;Alcoholic beverages;10489503;Wine;10489530;Dessert_wines;10489551;14,824;3
Denmark;58;Adolescents;7;Alcoholic_beverages;10489503;Spirit Drinks and Liqueurs;10490639;Spirit Drinks and Liqueurs;10489581;15,269;3
Sweden;193;Elderly;12;Alcoholic_beverages;10489503;Wine;10489530;Dessert_wines;10489551;15,313;3
Denmark;58;Elderly;12;Alcoholic_beverages;10489503;Spirit Drinks and Liqueurs;10490639;NULL;NULL;15,612;2
Denmark;58;Elderly;12;Alcoholic_beverages;10489503;Spirit Drinks and Liqueurs;10490639;Spirit Drinks and Liqueurs;10489581;15,612;3
Spain;67;Adolescents;7;Alcoholic_beverages;10489503;Wine;10489530;Dessert_wines;10489551;15,767;3
Sweden;193;Elderly;12;Alcoholic_beverages;10489503;Spirit Drinks and Liqueurs;10490639;Spirit Drinks and Liqueurs;10489581;15,837;3
Sweden;193;Elderly;12;Alcoholic_beverages;10489503;Spirit Drinks and Liqueurs;10490639;NULL;NULL;16,126;2
United Kingdom;77;Elderly;12;Alcoholic_beverages;10489503;Wine;10489530;Dessert_wines;10489551;16,158;3
Portugal;180;Adolescents;7;Alcoholic_beverages;10489503;Wine;10489530;Dessert_wines;10489551;16,292;3
Italy;108;Adults;10;Alcoholic_beverages;10489503;Spirit Drinks and Liqueurs;10490639;NULL;NULL;16,58;2
Italy;108;Adults;10;Alcoholic_beverages;10489503;Spirit Drinks and Liqueurs;10490639;Spirit Drinks and Liqueurs;10489581;16,965;3
France;75;Elderly;12;Alcoholic_beverages;10489503;Spirit Drinks and Liqueurs;10490639;Liqueurs;10489562;17,215;3
France;75;Adolescents;7;Alcoholic_beverages;10489503;Wine;10489530;NULL;NULL;17,523;2
Denmark;58;Elderly;12;Alcoholic_beverages;10489503;Spirit Drinks and Liqueurs;10490639;NULL;NULL;17,742;2
France;75;Adults;10;Alcoholic_beverages;10489503;Wine;10489530;Dessert_wines;10489551;17,832;3
Spain;67;Adults;10;Alcoholic_beverages;10489503;Spirit Drinks and Liqueurs;10490639;NULL;NULL;18,445;2
Portugal;180;Elderly;12;Alcoholic_beverages;10489503;Spirit Drinks and Liqueurs;10490639;Liqueurs;10489562;18,488;3
Spain;67;Adults;10;Alcoholic_beverages;10489503;Spirit Drinks and Liqueurs;10490639;Spirit Drinks and Liqueurs;10489581;18,777;3
Ireland;101;Elderly;12;Alcoholic_beverages;10489503;Wine;10489530;Dessert_wines;10489551;19,168;3
Portugal;180;Adults;10;Alcoholic_beverages;10489503;Wine;10489530;Dessert_wines;10489551;19,528;3
United Kingdom;77;Adults;10;Alcoholic_beverages;10489503;Wine;10489530;Dessert_wines;10489551;19,815;3
Germany;56;Elderly;12;Alcoholic_beverages;10489503;Spirit Drinks and Liqueurs;10490639;Liqueurs;10489562;19,818;3
Estonia;63;Adolescents;7;Alcoholic_beverages;10489503;Spirit Drinks and Liqueurs;10490639;NULL;NULL;20;2
Estonia;63;Adolescents;7;Alcoholic_beverages;10489503;Spirit Drinks and Liqueurs;10490639;Spirit Drinks and Liqueurs;10489581;20;3
France;75;Adults;10;Alcoholic_beverages;10489503;Spirit Drinks and Liqueurs;10490639;Spirit Drinks and Liqueurs;10489581;20,04;3
Sweden;193;Adults;10;Alcoholic_beverages;10489503;Spirit Drinks and Liqueurs;10490639;NULL;NULL;20,379;2
Sweden;193;Adults;10;Alcoholic_beverages;10489503;Spirit Drinks and Liqueurs;10490639;Spirit Drinks and Liqueurs;10489581;20,445;3
France;75;Elderly;12;Alcoholic_beverages;10489503;Spirit Drinks and Liqueurs;10490639;NULL;NULL;20,778;2
France;75;Elderly;12;Alcoholic_beverages;10489503;Mixed alcoholic drinks;10489589;Other_mixed_alcoholic_drinks;10489592;20,833;3
Italy;108;Elderly;12;Alcoholic_beverages;10489503;Spirit Drinks and Liqueurs;10490639;Spirit Drinks and Liqueurs;10489581;20,835;3
Germany;56;Adolescents;7;Alcoholic_beverages;10489503;Spirit Drinks and Liqueurs;10490639;Liqueurs;10489562;20,894;3
Germany;56;Elderly;12;Alcoholic_beverages;10489503;Spirit Drinks and Liqueurs;10490639;Spirit Drinks and Liqueurs;10489581;21,092;3
Ireland;101;Adults;10;Alcoholic_beverages;10489503;Spirit Drinks and Liqueurs;10490639;NULL;NULL;21,436;2
Ireland;101;Adults;10;Alcoholic_beverages;10489503;Spirit Drinks and Liqueurs;10490639;Spirit Drinks and Liqueurs;10489581;21,514;3
Estonia;63;Elderly;12;Alcoholic_beverages;10489503;Spirit Drinks and Liqueurs;10490639;Liqueurs;10489562;21,667;3
Portugal;180;Elderly;12;Alcoholic_beverages;10489503;Spirit Drinks and Liqueurs;10490639;NULL;NULL;21,727;2
United Kingdom;77;Elderly;12;Alcoholic_beverages;10489503;Spirit Drinks and Liqueurs;10490639;Liqueurs;10489562;21,75;3
Germany;56;Elderly;12;Alcoholic_beverages;10489503;Spirit Drinks and Liqueurs;10490639;NULL;NULL;21,82;2
Spain;67;Adults;10;Alcoholic_beverages;10489503;Spirit Drinks and Liqueurs;10490639;Liqueurs;10489562;22;3
Spain;67;Adults;10;Alcoholic_beverages;10489503;Spirit Drinks and Liqueurs;10490639;NULL;NULL;22,245;2
Portugal;180;Elderly;12;Alcoholic_beverages;10489503;Spirit Drinks and Liqueurs;10490639;Spirit Drinks and Liqueurs;10489581;22,537;3
Ireland;101;Adults;10;Alcoholic_beverages;10489503;Spirit Drinks and Liqueurs;10490639;Liqueurs;10489562;22,592;3
France;75;Adolescents;7;Alcoholic_beverages;10489503;Spirit Drinks and Liqueurs;10490639;Liqueurs;10489562;22,663;3
Spain;67;Elderly;12;Alcoholic_beverages;10489503;Wine;10489530;Dessert_wines;10489551;22,917;3
Denmark;58;Adolescents;7;Alcoholic_beverages;10489503;Spirit Drinks and Liqueurs;10490639;NULL;NULL;23,049;2
Latvia;132;Adults;10;Alcoholic_beverages;10489503;Spirit Drinks and Liqueurs;10490639;Liqueurs;10489562;23,108;3
France;75;Elderly;12;Alcoholic_beverages;10489503;Mixed alcoholic drinks;10489589;NULL;NULL;23,21;2
Sweden;193;Adults;10;Alcoholic_beverages;10489503;Spirit Drinks and Liqueurs;10490639;NULL;NULL;23,294;2
Hungary;99;Adults;10;Alcoholic_beverages;10489503;Spirit Drinks and Liqueurs;10490639;Liqueurs;10489562;23,333;3
Spain;67;Elderly;12;Alcoholic_beverages;10489503;Spirit Drinks and Liqueurs;10490639;Liqueurs;10489562;23,5;3
Germany;56;Adults;10;Alcoholic_beverages;10489503;Spirit Drinks and Liqueurs;10490639;Liqueurs;10489562;23,679;3
Croatia;97;Adults;10;Alcoholic_beverages;10489503;Spirit Drinks and Liqueurs;10490639;Spirit Drinks and Liqueurs;10489581;23,708;3
Spain;67;Elderly;12;Alcoholic_beverages;10489503;Spirit Drinks and Liqueurs;10490639;Spirit Drinks and Liqueurs;10489581;23,923;3
Denmark;58;Adolescents;7;Alcoholic_beverages;10489503;Wine;10489530;NULL;NULL;23,931;2
Sweden;193;Adults;10;Alcoholic_beverages;10489503;Spirit Drinks and Liqueurs;10490639;Spirit Drinks and Liqueurs;10489581;23,942;3
United Kingdom;77;Adults;10;Alcoholic_beverages;10489503;Spirit Drinks and Liqueurs;10490639;NULL;NULL;23,946;2
France;75;Elderly;12;Alcoholic_beverages;10489503;Mixed alcoholic drinks;10489589;Cocktails;10489590;23,96;3
Sweden;193;Adults;10;Alcoholic_beverages;10489503;Wine;10489530;Dessert_wines;10489551;24,031;3
United Kingdom;77;Adults;10;Alcoholic_beverages;10489503;Spirit Drinks and Liqueurs;10490639;Spirit Drinks and Liqueurs;10489581;24,407;3
Spain;67;Adolescents;7;Alcoholic_beverages;10489503;Spirit Drinks and Liqueurs;10490639;NULL;NULL;24,889;2
Denmark;58;Adolescents;7;Alcoholic_beverages;10489503;Wine;10489530;Wine;10489531;24,993;3
Finland;70;Adults;10;Alcoholic_beverages;10489503;Spirit Drinks and Liqueurs;10490639;Liqueurs;10489562;25,25;3
Bulgaria;24;Infants;1;Alcoholic_beverages;10489503;NULL;NULL;NULL;NULL;25,583;1
Bulgaria;24;Infants;1;Alcoholic_beverages;10489503;Wine;10489530;NULL;NULL;25,583;2
Bulgaria;24;Infants;1;Alcoholic_beverages;10489503;Wine;10489530;Dessert_wines;10489551;25,583;3
Finland;70;Elderly;12;Alcoholic_beverages;10489503;Spirit Drinks and Liqueurs;10490639;Spirit Drinks and Liqueurs;10489581;25,944;3
Hungary;99;Adults;10;Alcoholic_beverages;10489503;Spirit Drinks and Liqueurs;10490639;NULL;NULL;26,022;2
Ireland;101;Elderly;12;Alcoholic_beverages;10489503;Spirit Drinks and Liqueurs;10490639;NULL;NULL;26,438;2
Portugal;180;Adults;10;Alcoholic_beverages;10489503;Spirit Drinks and Liqueurs;10490639;Liqueurs;10489562;26,497;3
Hungary;99;Adults;10;Alcoholic_beverages;10489503;Spirit Drinks and Liqueurs;10490639;Spirit Drinks and Liqueurs;10489581;26,694;3
Spain;67;Adults;10;Alcoholic_beverages;10489503;Spirit Drinks and Liqueurs;10490639;Spirit Drinks and Liqueurs;10489581;26,745;3
Spain;67;Elderly;12;Alcoholic_beverages;10489503;Spirit Drinks and Liqueurs;10490639;NULL;NULL;26,781;2
Croatia;97;Adults;10;Alcoholic_beverages;10489503;Spirit Drinks and Liqueurs;10490639;NULL;NULL;26,936;2
Ireland;101;Elderly;12;Alcoholic_beverages;10489503;Spirit Drinks and Liqueurs;10490639;Spirit Drinks and Liqueurs;10489581;27,171;3
Portugal;180;Elderly;12;Alcoholic_beverages;10489503;Wine;10489530;Dessert_wines;10489551;27,258;3
United Kingdom;77;Adolescents;7;Alcoholic_beverages;10489503;Wine;10489530;Wine;10489531;27,476;3
Latvia;132;Adolescents;7;Alcoholic_beverages;10489503;Spirit Drinks and Liqueurs;10490639;Spirit Drinks and Liqueurs;10489581;28,333;3
Germany;56;Adolescents;7;Alcoholic_beverages;10489503;NULL;NULL;NULL;NULL;28,918;1
Finland;70;Adolescents;7;Alcoholic_beverages;10489503;Wine;10489530;NULL;NULL;29,065;2
Romania;185;Adults;10;Alcoholic_beverages;10489503;Spirit Drinks and Liqueurs;10490639;NULL;NULL;29,577;2
Romania;185;Adults;10;Alcoholic_beverages;10489503;Spirit Drinks and Liqueurs;10490639;Spirit Drinks and Liqueurs;10489581;29,794;3
France;75;Adolescents;7;Alcoholic_beverages;10489503;Wine;10489530;Wine-like drinks;10489548;29,907;3
Latvia;132;Adults;10;Alcoholic_beverages;10489503;Spirit Drinks and Liqueurs;10490639;Liqueurs;10489562;30;3
Spain;67;Adults;10;Alcoholic_beverages;10489503;Wine;10489530;Dessert_wines;10489551;30,097;3
United Kingdom;77;Elderly;12;Alcoholic_beverages;10489503;Spirit Drinks and Liqueurs;10490639;NULL;NULL;30,295;2
United Kingdom;77;Elderly;12;Alcoholic_beverages;10489503;Spirit Drinks and Liqueurs;10490639;Spirit Drinks and Liqueurs;10489581;30,5;3
Croatia;97;Adults;10;Alcoholic_beverages;10489503;Spirit Drinks and Liqueurs;10490639;Liqueurs;10489562;30,526;3
France;75;Elderly;12;Alcoholic_beverages;10489503;Spirit Drinks and Liqueurs;10490639;Liqueurs;10489562;30,737;3
Spain;67;Adolescents;7;Alcoholic_beverages;10489503;Spirit Drinks and Liqueurs;10490639;Spirit Drinks and Liqueurs;10489581;30,833;3
Finland;70;Adults;10;Alcoholic_beverages;10489503;Spirit Drinks and Liqueurs;10490639;NULL;NULL;31,417;2
Netherlands;162;Adolescents;7;Alcoholic beverages;10489503;Spirit Drinks and Liqueurs;10490639;Liqueurs;10489562;31,532;3
Finland;70;Adults;10;Alcoholic_beverages;10489503;Spirit Drinks and Liqueurs;10490639;Spirit Drinks and Liqueurs;10489581;32,392;3
Finland;70;Elderly;12;Alcoholic_beverages;10489503;Wine;10489530;Dessert_wines;10489551;32,485;3
Finland;70;Adults;10;Alcoholic_beverages;10489503;Spirit Drinks and Liqueurs;10490639;Liqueurs;10489562;32,488;3
Portugal;180;Adults;10;Alcoholic_beverages;10489503;Spirit Drinks and Liqueurs;10490639;Spirit Drinks and Liqueurs;10489581;32,596;3
Finland;70;Adolescents;7;Alcoholic_beverages;10489503;NULL;NULL;NULL;NULL;32,659;1
Czech Republic;55;Adults;10;Alcoholic_beverages;10489503;Spirit Drinks and Liqueurs;10490639;Spirit Drinks and Liqueurs;10489581;32,681;3
France;75;Adolescents;7;Alcoholic_beverages;10489503;Wine;10489530;Dessert_wines;10489551;32,857;3
France;75;Adolescents;7;Alcoholic_beverages;10489503;NULL;NULL;NULL;NULL;32,86;1
Portugal;180;Adults;10;Alcoholic_beverages;10489503;Spirit Drinks and Liqueurs;10490639;NULL;NULL;32,974;2
Germany;56;Adults;10;Alcoholic_beverages;10489503;Spirit Drinks and Liqueurs;10490639;NULL;NULL;32,989;2
Estonia;63;Adults;10;Alcoholic_beverages;10489503;Wine;10489530;Dessert_wines;10489551;33,333;3
Austria;14;Adults;10;Alcoholic_beverages;10489503;Spirit Drinks and Liqueurs;10490639;NULL;NULL;33,929;2
United Kingdom;77;Adolescents;7;Alcoholic_beverages;10489503;Spirit Drinks and Liqueurs;10490639;Spirit Drinks and Liqueurs;10489581;34,204;3
France;75;Adults;10;Alcoholic_beverages;10489503;Mixed alcoholic drinks;10489589;Cocktails;10489590;34,854;3
France;75;Adults;10;Alcoholic_beverages;10489503;Spirit Drinks and Liqueurs;10490639;NULL;NULL;34,933;2
France;75;Adolescents;7;Alcoholic_beverages;10489503;NULL;NULL;NULL;NULL;35,184;1
Estonia;63;Adults;10;Alcoholic_beverages;10489503;Spirit Drinks and Liqueurs;10490639;Liqueurs;10489562;35,526;3
United Kingdom;77;Adults;10;Alcoholic_beverages;10489503;Wine;10489530;Dessert_wines;10489551;35,575;3
Romania;185;Adults;10;Alcoholic_beverages;10489503;Beer;10489514;Beer-like beverages;10489526;35,714;3
Netherlands;162;Elderly;12;Alcoholic beverages;10489503;Spirit Drinks and Liqueurs;10490639;Liqueurs;10489562;35,945;3
Hungary;99;Elderly;12;Alcoholic_beverages;10489503;Spirit Drinks and Liqueurs;10490639;NULL;NULL;36;2
Hungary;99;Elderly;12;Alcoholic_beverages;10489503;Spirit Drinks and Liqueurs;10490639;Spirit Drinks and Liqueurs;10489581;36;3
Netherlands;162;Adults;10;Alcoholic beverages;10489503;Spirit Drinks and Liqueurs;10490639;Spirit Drinks and Liqueurs;10489581;36,037;3
France;75;Adolescents;7;Alcoholic_beverages;10489503;Mixed alcoholic drinks;10489589;Other_mixed_alcoholic_drinks;10489592;36,518;3
Spain;67;Adults;10;Alcoholic_beverages;10489503;Spirit Drinks and Liqueurs;10490639;NULL;NULL;36,724;2
Finland;70;Elderly;12;Alcoholic_beverages;10489503;Spirit Drinks and Liqueurs;10490639;NULL;NULL;36,808;2
France;75;Adults;10;Alcoholic_beverages;10489503;Mixed alcoholic drinks;10489589;NULL;NULL;37,356;2
Latvia;132;Adults;10;Alcoholic_beverages;10489503;Wine;10489530;Wine-like drinks;10489548;37,5;3
Portugal;180;Adolescents;7;Alcoholic_beverages;10489503;Beer;10489514;NULL;NULL;37,955;2
Portugal;180;Adolescents;7;Alcoholic_beverages;10489503;Beer;10489514;Beer;10489515;37,955;3
United Kingdom;77;Adults;10;Alcoholic_beverages;10489503;Spirit Drinks and Liqueurs;10490639;Spirit Drinks and Liqueurs;10489581;38,03;3
Spain;67;Adults;10;Alcoholic_beverages;10489503;Spirit Drinks and Liqueurs;10490639;Spirit Drinks and Liqueurs;10489581;38,2;3
United Kingdom;77;Adults;10;Alcoholic_beverages;10489503;Spirit Drinks and Liqueurs;10490639;Liqueurs;10489562;38,385;3
Netherlands;162;Adults;10;Alcoholic beverages;10489503;Wine;10489530;Dessert_wines;10489551;38,594;3
Germany;56;Adults;10;Alcoholic_beverages;10489503;Spirit Drinks and Liqueurs;10490639;Spirit Drinks and Liqueurs;10489581;38,81;3
France;75;Elderly;12;Alcoholic_beverages;10489503;Wine;10489530;Dessert_wines;10489551;39,088;3
France;75;Adults;10;Alcoholic_beverages;10489503;Mixed alcoholic drinks;10489589;Other_mixed_alcoholic_drinks;10489592;39,815;3
Finland;70;Elderly;12;Alcoholic_beverages;10489503;Wine;10489530;Dessert_wines;10489551;39,87;3
Belgium;22;Adults;10;Alcoholic_beverages;10489503;Spirit Drinks and Liqueurs;10490639;Spirit Drinks and Liqueurs;10489581;39,906;3
Cyprus;54;Adolescents;7;Alcoholic_beverages;10489503;Wine;10489530;NULL;NULL;40;2
Cyprus;54;Adolescents;7;Alcoholic_beverages;10489503;Wine;10489530;Wine;10489531;40;3
United Kingdom;77;Adults;10;Alcoholic_beverages;10489503;Spirit Drinks and Liqueurs;10490639;NULL;NULL;40,132;2
France;75;Adolescents;7;Alcoholic_beverages;10489503;Mixed alcoholic drinks;10489589;Cocktails;10489590;40,422;3
Denmark;58;Adolescents;7;Alcoholic_beverages;10489503;Wine;10489530;NULL;NULL;41,423;2
Denmark;58;Adolescents;7;Alcoholic_beverages;10489503;Wine;10489530;Wine;10489531;41,57;3
Netherlands;162;Elderly;12;Alcoholic beverages;10489503;Wine;10489530;Wine-like drinks;10489548;41,65;3
France;75;Adolescents;7;Alcoholic_beverages;10489503;Mixed alcoholic drinks;10489589;NULL;NULL;42,194;2
Belgium;22;Adolescents;7;Alcoholic_beverages;10489503;Mixed alcoholic drinks;10489589;Cocktails;10489590;42,438;3
Czech Republic;55;Adults;10;Alcoholic_beverages;10489503;Spirit Drinks and Liqueurs;10490639;NULL;NULL;42,493;2
Ireland;101;Adults;10;Alcoholic_beverages;10489503;Spirit Drinks and Liqueurs;10490639;Spirit Drinks and Liqueurs;10489581;42,727;3
France;75;Adults;10;Alcoholic_beverages;10489503;Spirit Drinks and Liqueurs;10490639;Liqueurs;10489562;43,553;3
Belgium;22;Elderly;12;Alcoholic_beverages;10489503;Spirit Drinks and Liqueurs;10490639;Spirit Drinks and Liqueurs;10489581;43,779;3
Bulgaria;24;Adolescents;7;Alcoholic_beverages;10489503;Wine;10489530;Wine;10489531;44,425;3
Ireland;101;Adults;10;Alcoholic_beverages;10489503;Spirit Drinks and Liqueurs;10490639;NULL;NULL;44,532;2
Netherlands;162;Adolescents;7;Alcoholic beverages;10489503;Spirit Drinks and Liqueurs;10490639;NULL;NULL;44,552;2
France;75;Elderly;12;Alcoholic_beverages;10489503;Mixed alcoholic drinks;10489589;Cocktails;10489590;45,385;3
Spain;67;Adolescents;7;Alcoholic_beverages;10489503;Spirit Drinks and Liqueurs;10490639;Liqueurs;10489562;46,197;3
Latvia;132;Adolescents;7;Alcoholic_beverages;10489503;Spirit Drinks and Liqueurs;10490639;NULL;NULL;46,25;2
Sweden;193;Elderly;12;Alcoholic_beverages;10489503;Beer;10489514;Beer-like beverages;10489526;46,25;3
Bulgaria;24;Adolescents;7;Alcoholic_beverages;10489503;Wine;10489530;NULL;NULL;46,533;2
Spain;67;Adults;10;Alcoholic_beverages;10489503;Wine;10489530;Wine-like drinks;10489548;46,667;3
Belgium;22;Elderly;12;Alcoholic_beverages;10489503;Spirit Drinks and Liqueurs;10490639;NULL;NULL;47,575;2
Finland;70;Elderly;12;Alcoholic_beverages;10489503;Spirit Drinks and Liqueurs;10490639;Spirit Drinks and Liqueurs;10489581;47,854;3
Romania;185;Adolescents;7;Alcoholic_beverages;10489503;Wine;10489530;NULL;NULL;49,533;2
Romania;185;Adolescents;7;Alcoholic_beverages;10489503;Wine;10489530;Wine;10489531;49,533;3
Latvia;132;Adults;10;Alcoholic_beverages;10489503;Wine;10489530;Dessert_wines;10489551;50;3
Poland;175;Elderly;12;Alcoholic_beverages;10489503;Spirit Drinks and Liqueurs;10490639;NULL;NULL;50;2
Poland;175;Elderly;12;Alcoholic_beverages;10489503;Spirit Drinks and Liqueurs;10490639;Spirit Drinks and Liqueurs;10489581;50;3
Sweden;193;Adults;10;Alcoholic_beverages;10489503;Beer;10489514;Beer-like beverages;10489526;50;3
Sweden;193;Adults;10;Alcoholic_beverages;10489503;Mixed alcoholic drinks;10489589;Other_mixed_alcoholic_drinks;10489592;50,167;3
Netherlands;162;Adults;10;Alcoholic beverages;10489503;Spirit Drinks and Liqueurs;10490639;Liqueurs;10489562;50,445;3
Portugal;180;Adults;10;Alcoholic_beverages;10489503;Mixed alcoholic drinks;10489589;Cocktails;10489590;50,642;3
Bulgaria;24;Adolescents;7;Alcoholic_beverages;10489503;Wine;10489530;Dessert_wines;10489551;50,75;3
Finland;70;Elderly;12;Alcoholic_beverages;10489503;Spirit Drinks and Liqueurs;10490639;NULL;NULL;50,803;2
Belgium;22;Elderly;12;Alcoholic_beverages;10489503;Wine;10489530;Dessert_wines;10489551;50,925;3
Netherlands;162;Adults;10;Alcoholic beverages;10489503;Spirit Drinks and Liqueurs;10490639;NULL;NULL;51,08;2
Romania;185;Elderly;12;Alcoholic_beverages;10489503;Wine;10489530;NULL;NULL;51,34;2
Romania;185;Elderly;12;Alcoholic_beverages;10489503;Wine;10489530;Wine;10489531;51,34;3
Belgium;22;Elderly;12;Alcoholic_beverages;10489503;Spirit Drinks and Liqueurs;10490639;Liqueurs;10489562;51,359;3
France;75;Elderly;12;Alcoholic_beverages;10489503;Beer;10489514;Beer-like beverages;10489526;51,429;3
United Kingdom;77;Adolescents;7;Alcoholic_beverages;10489503;Wine;10489530;NULL;NULL;52,691;2
Belgium;22;Adolescents;7;Alcoholic_beverages;10489503;Spirit Drinks and Liqueurs;10490639;Spirit Drinks and Liqueurs;10489581;52,771;3
Italy;108;Adolescents;7;Alcoholic_beverages;10489503;Mixed alcoholic drinks;10489589;NULL;NULL;53,333;2
Italy;108;Adolescents;7;Alcoholic_beverages;10489503;Mixed alcoholic drinks;10489589;Cocktails;10489590;53,333;3
France;75;Adults;10;Alcoholic_beverages;10489503;Wine;10489530;Dessert_wines;10489551;53,379;3
Belgium;22;Elderly;12;Alcoholic_beverages;10489503;Mixed alcoholic drinks;10489589;Flavoured wine;10489591;54,375;3
Italy;108;Adults;10;Alcoholic_beverages;10489503;Mixed alcoholic drinks;10489589;NULL;NULL;54,394;2
Italy;108;Adults;10;Alcoholic_beverages;10489503;Mixed alcoholic drinks;10489589;Cocktails;10489590;54,394;3
Czech Republic;55;Adolescents;7;Alcoholic_beverages;10489503;Wine;10489530;NULL;NULL;54,656;2
Czech Republic;55;Adolescents;7;Alcoholic_beverages;10489503;Wine;10489530;Wine;10489531;54,656;3
Netherlands;162;Elderly;12;Alcoholic beverages;10489503;Spirit Drinks and Liqueurs;10490639;NULL;NULL;54,661;2
Germany;56;Elderly;12;Alcoholic_beverages;10489503;Wine;10489530;Dessert_wines;10489551;54,75;3
Belgium;22;Adults;10;Alcoholic_beverages;10489503;Spirit Drinks and Liqueurs;10490639;NULL;NULL;54,814;2
Austria;14;Elderly;12;Alcoholic_beverages;10489503;Spirit Drinks and Liqueurs;10490639;Liqueurs;10489562;55;3
Netherlands;162;Elderly;12;Alcoholic beverages;10489503;Wine;10489530;Dessert_wines;10489551;55,896;3
Netherlands;162;Elderly;12;Alcoholic beverages;10489503;Spirit Drinks and Liqueurs;10490639;Spirit Drinks and Liqueurs;10489581;56,662;3
Spain;67;Adults;10;Alcoholic_beverages;10489503;Wine;10489530;Dessert_wines;10489551;56,875;3
Sweden;193;Adults;10;Alcoholic_beverages;10489503;Beer;10489514;Beer-like beverages;10489526;57,143;3
Czech Republic;55;Adults;10;Alcoholic_beverages;10489503;Spirit Drinks and Liqueurs;10490639;Liqueurs;10489562;57,605;3
France;75;Adults;10;Alcoholic_beverages;10489503;Wine;10489530;Wine-like drinks;10489548;57,979;3
Netherlands;162;Adolescents;7;Alcoholic beverages;10489503;Spirit Drinks and Liqueurs;10490639;Spirit Drinks and Liqueurs;10489581;58,256;3
Netherlands;162;Adults;10;Alcoholic beverages;10489503;Spirit Drinks and Liqueurs;10490639;Spirit Drinks and Liqueurs;10489581;58,258;3
Sweden;193;Adults;10;Alcoholic_beverages;10489503;Wine;10489530;Dessert_wines;10489551;58,693;3
Finland;70;Elderly;12;Alcoholic_beverages;10489503;Spirit Drinks and Liqueurs;10490639;Liqueurs;10489562;58,75;3
Netherlands;162;Adults;10;Alcoholic beverages;10489503;Spirit Drinks and Liqueurs;10490639;NULL;NULL;59,039;2
Netherlands;162;Adults;10;Alcoholic beverages;10489503;Spirit Drinks and Liqueurs;10490639;Liqueurs;10489562;59,417;3
Italy;108;Adolescents;7;Alcoholic_beverages;10489503;Beer;10489514;NULL;NULL;59,667;2
Italy;108;Adolescents;7;Alcoholic_beverages;10489503;Beer;10489514;Beer;10489515;59,667;3
Estonia;63;Elderly;12;Alcoholic_beverages;10489503;Wine;10489530;Dessert_wines;10489551;60;3
Belgium;22;Adolescents;7;Alcoholic_beverages;10489503;Spirit Drinks and Liqueurs;10490639;Liqueurs;10489562;60,804;3
Finland;70;Elderly;12;Alcoholic_beverages;10489503;Spirit Drinks and Liqueurs;10490639;Liqueurs;10489562;61,25;3
Belgium;22;Adults;10;Alcoholic_beverages;10489503;Wine;10489530;Dessert_wines;10489551;61,291;3
Netherlands;162;Elderly;12;Alcoholic beverages;10489503;Spirit Drinks and Liqueurs;10490639;Spirit Drinks and Liqueurs;10489581;61,461;3
Spain;67;Adolescents;7;Alcoholic_beverages;10489503;NULL;NULL;NULL;NULL;61,738;1
Austria;14;Adults;10;Alcoholic_beverages;10489503;Wine;10489530;Dessert_wines;10489551;62,5;3
Austria;14;Elderly;12;Alcoholic_beverages;10489503;Spirit Drinks and Liqueurs;10490639;NULL;NULL;63,333;2
United Kingdom;77;Adolescents;7;Alcoholic_beverages;10489503;Spirit Drinks and Liqueurs;10490639;NULL;NULL;63,85;2
Latvia;132;Elderly;12;Alcoholic_beverages;10489503;Spirit Drinks and Liqueurs;10490639;NULL;NULL;64,412;2
Belgium;22;Adolescents;7;Alcoholic_beverages;10489503;Spirit Drinks and Liqueurs;10490639;NULL;NULL;64,436;2
Germany;56;Adults;10;Alcoholic_beverages;10489503;Wine;10489530;Dessert_wines;10489551;64,624;3
Netherlands;162;Elderly;12;Alcoholic beverages;10489503;Spirit Drinks and Liqueurs;10490639;NULL;NULL;65,503;2
Austria;14;Elderly;12;Alcoholic_beverages;10489503;Spirit Drinks and Liqueurs;10490639;Spirit Drinks and Liqueurs;10489581;65,714;3
Slovenia;196;Adults;10;Alcoholic_beverages;10489503;Mixed alcoholic drinks;10489589;NULL;NULL;66;2
Slovenia;196;Adults;10;Alcoholic_beverages;10489503;Mixed alcoholic drinks;10489589;Other_mixed_alcoholic_drinks;10489592;66;3
Germany;56;Adolescents;7;Alcoholic_beverages;10489503;Spirit Drinks and Liqueurs;10490639;NULL;NULL;66,183;2
Belgium;22;Adults;10;Alcoholic_beverages;10489503;Spirit Drinks and Liqueurs;10490639;Liqueurs;10489562;66,195;3
Estonia;63;Elderly;12;Alcoholic_beverages;10489503;Spirit Drinks and Liqueurs;10490639;NULL;NULL;66,346;2
Austria;14;Adolescents;7;Alcoholic_beverages;10489503;Mixed alcoholic drinks;10489589;NULL;NULL;66,667;2
Austria;14;Adolescents;7;Alcoholic_beverages;10489503;Mixed alcoholic drinks;10489589;Other_mixed_alcoholic_drinks;10489592;66,667;3
Croatia;97;Adults;10;Alcoholic_beverages;10489503;Wine;10489530;Wine-like drinks;10489548;66,667;3
Hungary;99;Adults;10;Alcoholic_beverages;10489503;Wine;10489530;Wine-like drinks;10489548;66,667;3
France;75;Adolescents;7;Alcoholic_beverages;10489503;Wine;10489530;Wine-like drinks;10489548;66,752;3
France;75;Adults;10;Alcoholic_beverages;10489503;Beer;10489514;Beer-like beverages;10489526;66,857;3
Latvia;132;Elderly;12;Alcoholic_beverages;10489503;Spirit Drinks and Liqueurs;10490639;Spirit Drinks and Liqueurs;10489581;67,813;3
Bulgaria;24;Adolescents;7;Alcoholic_beverages;10489503;Spirit Drinks and Liqueurs;10490639;NULL;NULL;68,107;2
Bulgaria;24;Adolescents;7;Alcoholic_beverages;10489503;Spirit Drinks and Liqueurs;10490639;Liqueurs;10489562;68,107;3
Sweden;193;Elderly;12;Alcoholic_beverages;10489503;Wine;10489530;Wine-like drinks;10489548;68,75;3
Finland;70;Adults;10;Alcoholic_beverages;10489503;Spirit Drinks and Liqueurs;10490639;NULL;NULL;69,193;2
Austria;14;Adults;10;Alcoholic_beverages;10489503;Spirit Drinks and Liqueurs;10490639;Liqueurs;10489562;70;3
Ireland;101;Adults;10;Alcoholic_beverages;10489503;Wine;10489530;Wine;10489531;70,39;3
Finland;70;Adults;10;Alcoholic_beverages;10489503;Spirit Drinks and Liqueurs;10490639;Spirit Drinks and Liqueurs;10489581;70,464;3
Netherlands;162;Elderly;12;Alcoholic beverages;10489503;Spirit Drinks and Liqueurs;10490639;Liqueurs;10489562;70,47;3
France;75;Adolescents;7;Alcoholic_beverages;10489503;Beer;10489514;Beer;10489515;70,733;3
Netherlands;162;Adolescents;7;Alcoholic beverages;10489503;Wine;10489530;NULL;NULL;71,552;2
Slovakia;198;Adults;10;Alcoholic_beverages;10489503;Spirit Drinks and Liqueurs;10490639;NULL;NULL;71,598;2
Slovakia;198;Adults;10;Alcoholic_beverages;10489503;Spirit Drinks and Liqueurs;10490639;Spirit Drinks and Liqueurs;10489581;71,598;3
Sweden;193;Adults;10;Alcoholic_beverages;10489503;Wine;10489530;Wine-like drinks;10489548;71,943;3
Estonia;63;Elderly;12;Alcoholic_beverages;10489503;Spirit Drinks and Liqueurs;10490639;Spirit Drinks and Liqueurs;10489581;72,174;3
Belgium;22;Adolescents;7;Alcoholic_beverages;10489503;Wine;10489530;Dessert_wines;10489551;74,55;3
Spain;67;Adolescents;7;Alcoholic_beverages;10489503;Spirit Drinks and Liqueurs;10490639;NULL;NULL;74,895;2
Portugal;180;Adolescents;7;Alcoholic_beverages;10489503;Mixed alcoholic drinks;10489589;Other_mixed_alcoholic_drinks;10489592;75,5;3
Spain;67;Adults;10;Alcoholic_beverages;10489503;Wine;10489530;NULL;NULL;75,577;2
Belgium;22;Adolescents;7;Alcoholic_beverages;10489503;Wine;10489530;Wine;10489531;75,957;3
Sweden;193;Elderly;12;Alcoholic_beverages;10489503;Mixed alcoholic drinks;10489589;NULL;NULL;76,792;2
Netherlands;162;Adults;10;Alcoholic beverages;10489503;Mixed alcoholic drinks;10489589;Other_mixed_alcoholic_drinks;10489592;77,1;3
Finland;70;Adolescents;7;Alcoholic_beverages;10489503;Wine;10489530;Wine-like drinks;10489548;77,5;3
Belgium;22;Elderly;12;Alcoholic_beverages;10489503;Mixed alcoholic drinks;10489589;NULL;NULL;78,802;2
Belgium;22;Adolescents;7;Alcoholic_beverages;10489503;Wine;10489530;NULL;NULL;79,384;2
Latvia;132;Adults;10;Alcoholic_beverages;10489503;Alcoholic beverages;10489503;NULL;NULL;79,853;2
Latvia;132;Adults;10;Alcoholic_beverages;10489503;Alcoholic beverages;10489503;Alcoholic beverages;10489503;79,853;3
Estonia;63;Adolescents;7;Alcoholic_beverages;10489503;Wine;10489530;Wine;10489531;80;3
Spain;67;Adolescents;7;Alcoholic_beverages;10489503;Spirit Drinks and Liqueurs;10490639;Spirit Drinks and Liqueurs;10489581;81,117;3
France;75;Adolescents;7;Alcoholic_beverages;10489503;Beer;10489514;NULL;NULL;81,461;2
Sweden;193;Elderly;12;Alcoholic_beverages;10489503;Mixed alcoholic drinks;10489589;Cocktails;10489590;81,591;3
Belgium;22;Adults;10;Alcoholic_beverages;10489503;Mixed alcoholic drinks;10489589;Cocktails;10489590;81,647;3
France;75;Elderly;12;Alcoholic_beverages;10489503;Wine;10489530;Wine-like drinks;10489548;81,948;3
Bulgaria;24;Elderly;12;Alcoholic_beverages;10489503;Wine;10489530;Wine;10489531;83,75;3
Spain;67;Adults;10;Alcoholic_beverages;10489503;Wine;10489530;Wine-like drinks;10489548;85;3
Estonia;63;Adults;10;Alcoholic_beverages;10489503;Spirit Drinks and Liqueurs;10490639;NULL;NULL;86,075;2
Sweden;193;Adults;10;Alcoholic_beverages;10489503;Mixed alcoholic drinks;10489589;Cocktails;10489590;86,371;3
France;75;Elderly;12;Alcoholic_beverages;10489503;Mixed alcoholic drinks;10489589;Other_mixed_alcoholic_drinks;10489592;86,458;3
Spain;67;Adults;10;Alcoholic_beverages;10489503;Wine;10489530;Wine;10489531;87,011;3
Spain;67;Adults;10;Alcoholic_beverages;10489503;Wine;10489530;Wine;10489531;87,44;3
Latvia;132;Adults;10;Alcoholic_beverages;10489503;Spirit Drinks and Liqueurs;10490639;NULL;NULL;87,65;2
Sweden;193;Adults;10;Alcoholic_beverages;10489503;Wine;10489530;Wine;10489531;87,671;3
Germany;56;Adolescents;7;Alcoholic_beverages;10489503;Spirit Drinks and Liqueurs;10490639;Spirit Drinks and Liqueurs;10489581;88,943;3
France;75;Elderly;12;Alcoholic_beverages;10489503;Beer;10489514;Beer-like beverages;10489526;89,063;3
Bulgaria;24;Elderly;12;Alcoholic_beverages;10489503;Wine;10489530;NULL;NULL;89,167;2
Sweden;193;Adults;10;Alcoholic_beverages;10489503;Wine;10489530;NULL;NULL;89,694;2
Romania;185;Adults;10;Alcoholic_beverages;10489503;Wine;10489530;NULL;NULL;89,751;2
Romania;185;Adults;10;Alcoholic_beverages;10489503;Wine;10489530;Wine;10489531;89,866;3
Latvia;132;Adults;10;Alcoholic_beverages;10489503;Mixed alcoholic drinks;10489589;Other_mixed_alcoholic_drinks;10489592;90;3
Latvia;132;Adults;10;Alcoholic_beverages;10489503;Spirit Drinks and Liqueurs;10490639;Spirit Drinks and Liqueurs;10489581;90,052;3
France;75;Adults;10;Alcoholic_beverages;10489503;Wine;10489530;Wine-like drinks;10489548;90,081;3
Belgium;22;Elderly;12;Alcoholic_beverages;10489503;Wine;10489530;Wine-like drinks;10489548;92,188;3
Spain;67;Adults;10;Alcoholic_beverages;10489503;Wine;10489530;Wine;10489531;92,286;3
France;75;Adults;10;Alcoholic_beverages;10489503;Mixed alcoholic drinks;10489589;Flavoured wine;10489591;92,808;3
Spain;67;Adults;10;Alcoholic_beverages;10489503;Wine;10489530;NULL;NULL;92,917;2
France;75;Adults;10;Alcoholic_beverages;10489503;Mixed alcoholic drinks;10489589;Cocktails;10489590;93,112;3
Finland;70;Adolescents;7;Alcoholic_beverages;10489503;Mixed alcoholic drinks;10489589;NULL;NULL;93,75;2
Finland;70;Adolescents;7;Alcoholic_beverages;10489503;Mixed alcoholic drinks;10489589;Cocktails;10489590;93,75;3
Spain;67;Adults;10;Alcoholic_beverages;10489503;Wine;10489530;NULL;NULL;93,945;2
France;75;Adolescents;7;Alcoholic_beverages;10489503;Beer;10489514;Beer-like beverages;10489526;94,176;3
Bulgaria;24;Elderly;12;Alcoholic_beverages;10489503;Spirit Drinks and Liqueurs;10490639;NULL;NULL;94,286;2
Bulgaria;24;Elderly;12;Alcoholic_beverages;10489503;Spirit Drinks and Liqueurs;10490639;Liqueurs;10489562;94,286;3
France;75;Elderly;12;Alcoholic_beverages;10489503;Mixed alcoholic drinks;10489589;NULL;NULL;94,562;2
Latvia;132;Adults;10;Alcoholic_beverages;10489503;Mixed alcoholic drinks;10489589;NULL;NULL;95;2
Latvia;132;Adults;10;Alcoholic_beverages;10489503;Mixed alcoholic drinks;10489589;Cocktails;10489590;95;3
Belgium;22;Elderly;12;Alcoholic_beverages;10489503;Mixed alcoholic drinks;10489589;Cocktails;10489590;95,313;3
Portugal;180;Adolescents;7;Alcoholic_beverages;10489503;Mixed alcoholic drinks;10489589;NULL;NULL;95,57;2
Italy;108;Adults;10;Alcoholic_beverages;10489503;Wine;10489530;NULL;NULL;96,311;2
Estonia;63;Adults;10;Alcoholic_beverages;10489503;Spirit Drinks and Liqueurs;10490639;Spirit Drinks and Liqueurs;10489581;96,447;3
Austria;14;Elderly;12;Alcoholic_beverages;10489503;Mixed alcoholic drinks;10489589;NULL;NULL;96,875;2
Austria;14;Elderly;12;Alcoholic_beverages;10489503;Mixed alcoholic drinks;10489589;Other_mixed_alcoholic_drinks;10489592;96,875;3
Italy;108;Adults;10;Alcoholic_beverages;10489503;Wine;10489530;Wine;10489531;96,904;3
Netherlands;162;Elderly;12;Alcoholic beverages;10489503;Wine;10489530;Dessert_wines;10489551;96,907;3
Sweden;193;Adults;10;Alcoholic_beverages;10489503;Mixed alcoholic drinks;10489589;NULL;NULL;97,229;2
Bulgaria;24;Adults;10;Alcoholic_beverages;10489503;Wine;10489530;Wine;10489531;98,258;3
Latvia;132;Adults;10;Alcoholic_beverages;10489503;Spirit Drinks and Liqueurs;10490639;Spirit Drinks and Liqueurs;10489581;99,319;3
Austria;14;Adults;10;Alcoholic_beverages;10489503;Mixed alcoholic drinks;10489589;NULL;NULL;100;2
Austria;14;Adults;10;Alcoholic_beverages;10489503;Mixed alcoholic drinks;10489589;Other_mixed_alcoholic_drinks;10489592;100;3
Bulgaria;24;Elderly;12;Alcoholic_beverages;10489503;Wine;10489530;Dessert_wines;10489551;100;3
Finland;70;Elderly;12;Alcoholic_beverages;10489503;Mixed alcoholic drinks;10489589;Other_mixed_alcoholic_drinks;10489592;100;3
Latvia;132;Adolescents;7;Alcoholic_beverages;10489503;Spirit Drinks and Liqueurs;10490639;Liqueurs;10489562;100;3
Poland;175;Elderly;12;Alcoholic_beverages;10489503;Wine;10489530;NULL;NULL;100;2
Poland;175;Elderly;12;Alcoholic_beverages;10489503;Wine;10489530;Wine;10489531;100;3
Slovakia;198;Adults;10;Alcoholic_beverages;10489503;Wine;10489530;Dessert_wines;10489551;100;3
Latvia;132;Adults;10;Alcoholic_beverages;10489503;Spirit Drinks and Liqueurs;10490639;NULL;NULL;100,075;2
Germany;56;Adults;10;Alcoholic_beverages;10489503;Mixed alcoholic drinks;10489589;Flavoured wine;10489591;102,5;3
Belgium;22;Adolescents;7;Alcoholic_beverages;10489503;Mixed alcoholic drinks;10489589;NULL;NULL;103,734;2
France;75;Adults;10;Alcoholic_beverages;10489503;Mixed alcoholic drinks;10489589;NULL;NULL;104,311;2
Spain;67;Elderly;12;Alcoholic_beverages;10489503;Wine;10489530;Wine;10489531;104,871;3
Bulgaria;24;Adults;10;Alcoholic_beverages;10489503;Spirit Drinks and Liqueurs;10490639;NULL;NULL;105,387;2
Bulgaria;24;Adults;10;Alcoholic_beverages;10489503;Spirit Drinks and Liqueurs;10490639;Liqueurs;10489562;105,387;3
Spain;67;Elderly;12;Alcoholic_beverages;10489503;Wine;10489530;NULL;NULL;105,698;2
Finland;70;Elderly;12;Alcoholic_beverages;10489503;Mixed alcoholic drinks;10489589;NULL;NULL;106,464;2
Portugal;180;Adults;10;Alcoholic_beverages;10489503;Wine;10489530;Wine;10489531;106,478;3
Finland;70;Elderly;12;Alcoholic_beverages;10489503;Mixed alcoholic drinks;10489589;Cocktails;10489590;106,962;3
Ireland;101;Adults;10;Alcoholic_beverages;10489503;Wine;10489530;NULL;NULL;107,132;2
Portugal;180;Adults;10;Alcoholic_beverages;10489503;Wine;10489530;NULL;NULL;107,143;2
Latvia;132;Adults;10;Alcoholic_beverages;10489503;Mixed alcoholic drinks;10489589;NULL;NULL;107,5;2
Romania;185;Elderly;12;Alcoholic_beverages;10489503;NULL;NULL;NULL;NULL;108,036;1
Estonia;63;Adults;10;Alcoholic_beverages;10489503;Spirit Drinks and Liqueurs;10490639;Liqueurs;10489562;108,333;3
Finland;70;Elderly;12;Alcoholic_beverages;10489503;Wine;10489530;Wine-like drinks;10489548;108,333;3
Estonia;63;Elderly;12;Alcoholic_beverages;10489503;Wine;10489530;NULL;NULL;109,151;2
Austria;14;Adolescents;7;Alcoholic_beverages;10489503;Beer;10489514;NULL;NULL;110;2
Austria;14;Adolescents;7;Alcoholic_beverages;10489503;Beer;10489514;Beer;10489515;110;3
Estonia;63;Elderly;12;Alcoholic_beverages;10489503;Wine;10489530;Wine;10489531;110,517;3
Portugal;180;Elderly;12;Alcoholic_beverages;10489503;Mixed alcoholic drinks;10489589;NULL;NULL;110,596;2
Portugal;180;Elderly;12;Alcoholic_beverages;10489503;Mixed alcoholic drinks;10489589;Other_mixed_alcoholic_drinks;10489592;110,596;3
Latvia;132;Elderly;12;Alcoholic_beverages;10489503;Wine;10489530;Wine;10489531;111,389;3
Poland;175;Adults;10;Alcoholic_beverages;10489503;Spirit Drinks and Liqueurs;10490639;NULL;NULL;112;2
Poland;175;Adults;10;Alcoholic_beverages;10489503;Spirit Drinks and Liqueurs;10490639;Spirit Drinks and Liqueurs;10489581;112;3
Estonia;63;Elderly;12;Alcoholic_beverages;10489503;Wine;10489530;Wine-like drinks;10489548;112,325;3
Belgium;22;Adolescents;7;Alcoholic_beverages;10489503;Wine;10489530;Wine-like drinks;10489548;112,5;3
United Kingdom;77;Adolescents;7;Alcoholic_beverages;10489503;Mixed alcoholic drinks;10489589;NULL;NULL;112,917;2
United Kingdom;77;Adolescents;7;Alcoholic_beverages;10489503;Mixed alcoholic drinks;10489589;Flavoured wine;10489591;112,917;3
Latvia;132;Adults;10;Alcoholic_beverages;10489503;Wine;10489530;Wine-like drinks;10489548;113,333;3
United Kingdom;77;Adults;10;Alcoholic_beverages;10489503;Wine;10489530;Wine;10489531;114,772;3
Austria;14;Adults;10;Alcoholic_beverages;10489503;Wine;10489530;Wine;10489531;115,058;3
France;75;Adults;10;Alcoholic_beverages;10489503;Mixed alcoholic drinks;10489589;Other_mixed_alcoholic_drinks;10489592;115,554;3
Portugal;180;Adolescents;7;Alcoholic_beverages;10489503;Mixed alcoholic drinks;10489589;Cocktails;10489590;115,64;3
Netherlands;162;Adolescents;7;Alcoholic beverages;10489503;Mixed alcoholic drinks;10489589;NULL;NULL;116,294;2
Netherlands;162;Adolescents;7;Alcoholic beverages;10489503;Mixed alcoholic drinks;10489589;Cocktails;10489590;116,294;3
Netherlands;162;Adolescents;7;Alcoholic beverages;10489503;Wine;10489530;Wine;10489531;116,553;3
Belgium;22;Adults;10;Alcoholic_beverages;10489503;Mixed alcoholic drinks;10489589;Flavoured wine;10489591;116,587;3
Sweden;193;Adolescents;7;Alcoholic_beverages;10489503;Wine;10489530;NULL;NULL;116,611;2
Sweden;193;Adolescents;7;Alcoholic_beverages;10489503;Wine;10489530;Wine-like drinks;10489548;116,611;3
Sweden;193;Adolescents;7;Alcoholic_beverages;10489503;NULL;NULL;NULL;NULL;117,996;1
Spain;67;Elderly;12;Alcoholic_beverages;10489503;Beer;10489514;Beer-like beverages;10489526;118,571;3
France;75;Elderly;12;Alcoholic_beverages;10489503;Mixed alcoholic drinks;10489589;Flavoured wine;10489591;118,881;3
Sweden;193;Adults;10;Alcoholic_beverages;10489503;Wine;10489530;Wine-like drinks;10489548;119,735;3
Belgium;22;Adolescents;7;Alcoholic_beverages;10489503;Mixed alcoholic drinks;10489589;Other_mixed_alcoholic_drinks;10489592;120;3
Austria;14;Adults;10;Alcoholic_beverages;10489503;Wine;10489530;NULL;NULL;121,056;2
France;75;Adolescents;7;Alcoholic_beverages;10489503;Beer;10489514;Beer-like beverages;10489526;122,578;3
Belgium;22;Adults;10;Alcoholic_beverages;10489503;Mixed alcoholic drinks;10489589;NULL;NULL;122,623;2
Ireland;101;Elderly;12;Alcoholic_beverages;10489503;Wine;10489530;NULL;NULL;123,079;2
Latvia;132;Adults;10;Alcoholic_beverages;10489503;Mixed alcoholic drinks;10489589;Cocktails;10489590;125;3
Sweden;193;Adolescents;7;Alcoholic_beverages;10489503;Beer;10489514;Beer-like beverages;10489526;125;3
Ireland;101;Elderly;12;Alcoholic_beverages;10489503;Wine;10489530;Wine;10489531;125,005;3
Germany;56;Adolescents;7;Alcoholic_beverages;10489503;Wine;10489530;Wine;10489531;125,263;3
Spain;67;Adults;10;Alcoholic_beverages;10489503;NULL;NULL;NULL;NULL;125,307;1
France;75;Elderly;12;Alcoholic_beverages;10489503;Wine;10489530;Wine-like drinks;10489548;125,796;3
Spain;67;Adolescents;7;Alcoholic_beverages;10489503;Wine;10489530;Wine;10489531;126,525;3
Hungary;99;Elderly;12;Alcoholic_beverages;10489503;Wine;10489530;NULL;NULL;126,923;2
Hungary;99;Elderly;12;Alcoholic_beverages;10489503;Wine;10489530;Wine;10489531;126,923;3
Latvia;132;Adults;10;Alcoholic_beverages;10489503;Wine;10489530;Wine;10489531;127,275;3
United Kingdom;77;Adults;10;Alcoholic_beverages;10489503;Beer;10489514;Beer-like beverages;10489526;127,404;3
Sweden;193;Adults;10;Alcoholic_beverages;10489503;Wine;10489530;Wine;10489531;128,376;3
Netherlands;162;Adults;10;Alcoholic beverages;10489503;Mixed alcoholic drinks;10489589;NULL;NULL;129,772;2
France;75;Adults;10;Alcoholic_beverages;10489503;Wine;10489530;Wine;10489531;129,783;3
France;75;Adults;10;Alcoholic_beverages;10489503;Wine;10489530;NULL;NULL;129,997;2
Latvia;132;Adults;10;Alcoholic_beverages;10489503;Wine;10489530;NULL;NULL;130,625;2
Netherlands;162;Adults;10;Alcoholic beverages;10489503;Wine;10489530;NULL;NULL;130,842;2
France;75;Adults;10;Alcoholic_beverages;10489503;Beer;10489514;NULL;NULL;131,131;2
Hungary;99;Adults;10;Alcoholic_beverages;10489503;Wine;10489530;NULL;NULL;131,174;2
Hungary;99;Adults;10;Alcoholic_beverages;10489503;Wine;10489530;Wine;10489531;131,552;3
Sweden;193;Adults;10;Alcoholic_beverages;10489503;Wine;10489530;NULL;NULL;131,76;2
Latvia;132;Elderly;12;Alcoholic_beverages;10489503;Wine;10489530;NULL;NULL;131,842;2
France;75;Adults;10;Alcoholic_beverages;10489503;Beer;10489514;Beer;10489515;132,071;3
Spain;67;Adolescents;7;Alcoholic_beverages;10489503;Wine;10489530;NULL;NULL;132,453;2
Latvia;132;Adults;10;Alcoholic_beverages;10489503;Wine;10489530;NULL;NULL;132,628;2
Croatia;97;Adults;10;Alcoholic_beverages;10489503;Wine;10489530;NULL;NULL;134,249;2
Croatia;97;Adults;10;Alcoholic_beverages;10489503;Wine;10489530;Wine;10489531;134,4;3
Latvia;132;Adolescents;7;Alcoholic_beverages;10489503;NULL;NULL;NULL;NULL;134,5;1
Belgium;22;Adolescents;7;Alcoholic_beverages;10489503;Mixed alcoholic drinks;10489589;Flavoured wine;10489591;134,722;3
Romania;185;Elderly;12;Alcoholic_beverages;10489503;Beer;10489514;NULL;NULL;134,949;2
Romania;185;Elderly;12;Alcoholic_beverages;10489503;Beer;10489514;Beer;10489515;134,949;3
United Kingdom;77;Adolescents;7;Alcoholic_beverages;10489503;NULL;NULL;NULL;NULL;135,351;1
Latvia;132;Adults;10;Alcoholic_beverages;10489503;Wine;10489530;Wine;10489531;135,66;3
Italy;108;Adults;10;Alcoholic_beverages;10489503;NULL;NULL;NULL;NULL;136,048;1
Netherlands;162;Adults;10;Alcoholic beverages;10489503;Mixed alcoholic drinks;10489589;Cocktails;10489590;136,356;3
Ireland;101;Adults;10;Alcoholic_beverages;10489503;Wine;10489530;Wine;10489531;136,411;3
Belgium;22;Adults;10;Alcoholic_beverages;10489503;Wine;10489530;Wine-like drinks;10489548;137,6;3
Denmark;58;Adults;10;Alcoholic_beverages;10489503;Wine;10489530;Wine;10489531;137,947;3
Denmark;58;Adults;10;Alcoholic_beverages;10489503;Wine;10489530;NULL;NULL;137,968;2
Italy;108;Elderly;12;Alcoholic_beverages;10489503;Beer;10489514;NULL;NULL;138,417;2
Italy;108;Elderly;12;Alcoholic_beverages;10489503;Beer;10489514;Beer;10489515;138,417;3
Sweden;193;Elderly;12;Alcoholic_beverages;10489503;Wine;10489530;NULL;NULL;139,43;2
Spain;67;Adults;10;Alcoholic_beverages;10489503;Mixed alcoholic drinks;10489589;NULL;NULL;140;2
Spain;67;Adults;10;Alcoholic_beverages;10489503;Mixed alcoholic drinks;10489589;Other_mixed_alcoholic_drinks;10489592;140;3
Germany;56;Adolescents;7;Alcoholic_beverages;10489503;Wine;10489530;NULL;NULL;140,119;2
Sweden;193;Elderly;12;Alcoholic_beverages;10489503;Wine;10489530;Wine;10489531;140,624;3
Finland;70;Adults;10;Alcoholic_beverages;10489503;Wine;10489530;Wine;10489531;140,872;3
France;75;Adolescents;7;Alcoholic_beverages;10489503;Beer;10489514;NULL;NULL;141,207;2
Ireland;101;Elderly;12;Alcoholic_beverages;10489503;Beer;10489514;Beer-like beverages;10489526;142;3
Finland;70;Elderly;12;Alcoholic_beverages;10489503;Wine;10489530;NULL;NULL;142,315;2
United Kingdom;77;Adults;10;Alcoholic_beverages;10489503;Wine;10489530;NULL;NULL;142,977;2
Bulgaria;24;Adults;10;Alcoholic_beverages;10489503;Wine;10489530;NULL;NULL;143,217;2
Italy;108;Elderly;12;Alcoholic_beverages;10489503;Wine;10489530;NULL;NULL;144,624;2
France;75;Adults;10;Alcoholic_beverages;10489503;Wine;10489530;Wine;10489531;144,691;3
Cyprus;54;Adolescents;7;Alcoholic_beverages;10489503;NULL;NULL;NULL;NULL;145;1
Netherlands;162;Elderly;12;Alcoholic beverages;10489503;Beer;10489514;Beer-like beverages;10489526;145;3
Sweden;193;Adolescents;7;Alcoholic_beverages;10489503;Beer;10489514;NULL;NULL;145;2
Italy;108;Elderly;12;Alcoholic_beverages;10489503;Wine;10489530;Wine;10489531;145,281;3
Denmark;58;Adults;10;Alcoholic_beverages;10489503;Wine;10489530;Wine;10489531;147,03;3
Denmark;58;Adults;10;Alcoholic_beverages;10489503;Wine;10489530;NULL;NULL;147,052;2
France;75;Adults;10;Alcoholic_beverages;10489503;Beer;10489514;Beer-like beverages;10489526;147,055;3
Finland;70;Elderly;12;Alcoholic_beverages;10489503;Wine;10489530;Wine;10489531;147,115;3
France;75;Adults;10;Alcoholic_beverages;10489503;Wine;10489530;NULL;NULL;147,488;2
Spain;67;Elderly;12;Alcoholic_beverages;10489503;Wine;10489530;Wine-like drinks;10489548;150;3
Italy;108;Adults;10;Alcoholic_beverages;10489503;Beer;10489514;NULL;NULL;150,351;2
Italy;108;Adults;10;Alcoholic_beverages;10489503;Beer;10489514;Beer;10489515;150,351;3
France;75;Adolescents;7;Alcoholic_beverages;10489503;Beer;10489514;Beer;10489515;152,671;3
Poland;175;Adults;10;Alcoholic_beverages;10489503;Wine;10489530;NULL;NULL;153,868;2
Poland;175;Adults;10;Alcoholic_beverages;10489503;Wine;10489530;Wine;10489531;153,868;3
Germany;56;Elderly;12;Alcoholic_beverages;10489503;Wine;10489530;Wine-like drinks;10489548;155,082;3
Finland;70;Adults;10;Alcoholic_beverages;10489503;Wine;10489530;Wine;10489531;155,28;3
Italy;108;Elderly;12;Alcoholic_beverages;10489503;NULL;NULL;NULL;NULL;155,482;1
France;75;Elderly;12;Alcoholic_beverages;10489503;Wine;10489530;Wine;10489531;155,694;3
Germany;56;Adolescents;7;Alcoholic_beverages;10489503;Wine;10489530;Wine-like drinks;10489548;156,25;3
Finland;70;Elderly;12;Alcoholic_beverages;10489503;Wine;10489530;Wine;10489531;156,627;3
Netherlands;162;Adults;10;Alcoholic beverages;10489503;Wine;10489530;Wine;10489531;157,399;3
France;75;Elderly;12;Alcoholic_beverages;10489503;Beer;10489514;NULL;NULL;158,299;2
Austria;14;Elderly;12;Alcoholic_beverages;10489503;Wine;10489530;Wine;10489531;158,613;3
Sweden;193;Adults;10;Alcoholic_beverages;10489503;Mixed alcoholic drinks;10489589;Flavoured wine;10489591;159,125;3
France;75;Elderly;12;Alcoholic_beverages;10489503;Wine;10489530;NULL;NULL;160,046;2
Estonia;63;Adults;10;Alcoholic_beverages;10489503;Wine;10489530;Wine;10489531;160,212;3
United Kingdom;77;Elderly;12;Alcoholic_beverages;10489503;Wine;10489530;Wine;10489531;161,37;3
France;75;Adolescents;7;Alcoholic_beverages;10489503;Mixed alcoholic drinks;10489589;Flavoured wine;10489591;161,875;3
Romania;185;Adolescents;7;Alcoholic_beverages;10489503;NULL;NULL;NULL;NULL;162,149;1
France;75;Elderly;12;Alcoholic_beverages;10489503;Beer;10489514;Beer;10489515;162,357;3
Denmark;58;Elderly;12;Alcoholic_beverages;10489503;Wine;10489530;Wine;10489531;162,364;3
Denmark;58;Elderly;12;Alcoholic_beverages;10489503;Wine;10489530;NULL;NULL;162,647;2
Estonia;63;Adults;10;Alcoholic_beverages;10489503;Wine;10489530;Dessert_wines;10489551;164,286;3
Sweden;193;Adolescents;7;Alcoholic_beverages;10489503;Beer;10489514;Beer;10489515;165;3
France;75;Elderly;12;Alcoholic_beverages;10489503;Wine;10489530;Wine;10489531;167,253;3
Portugal;180;Adults;10;Alcoholic_beverages;10489503;Mixed alcoholic drinks;10489589;NULL;NULL;167,81;2
United Kingdom;77;Adolescents;7;Alcoholic_beverages;10489503;Wine;10489530;Wine-like drinks;10489548;171,063;3
Finland;70;Elderly;12;Alcoholic_beverages;10489503;Wine;10489530;NULL;NULL;171,772;2
Austria;14;Elderly;12;Alcoholic_beverages;10489503;Wine;10489530;NULL;NULL;171,995;2
Denmark;58;Adolescents;7;Alcoholic_beverages;10489503;NULL;NULL;NULL;NULL;173,39;1
United Kingdom;77;Elderly;12;Alcoholic_beverages;10489503;Wine;10489530;NULL;NULL;173,855;2
Denmark;58;Elderly;12;Alcoholic_beverages;10489503;Wine;10489530;NULL;NULL;173,999;2
Netherlands;162;Elderly;12;Alcoholic beverages;10489503;Wine;10489530;Wine;10489531;174,501;3
Germany;56;Adults;10;Alcoholic_beverages;10489503;Wine;10489530;Wine-like drinks;10489548;174,502;3
France;75;Elderly;12;Alcoholic_beverages;10489503;Wine;10489530;NULL;NULL;174,654;2
Denmark;58;Elderly;12;Alcoholic_beverages;10489503;Wine;10489530;Wine;10489531;174,755;3
United Kingdom;77;Adults;10;Alcoholic_beverages;10489503;Wine;10489530;Wine;10489531;174,986;3
Finland;70;Adults;10;Alcoholic_beverages;10489503;Mixed alcoholic drinks;10489589;Other_mixed_alcoholic_drinks;10489592;175;3
Sweden;193;Elderly;12;Alcoholic_beverages;10489503;Beer;10489514;NULL;NULL;175,008;2
France;75;Adults;10;Alcoholic_beverages;10489503;NULL;NULL;NULL;NULL;175,347;1
Sweden;193;Elderly;12;Alcoholic_beverages;10489503;Beer;10489514;Beer;10489515;175,719;3
Finland;70;Adults;10;Alcoholic_beverages;10489503;Wine;10489530;NULL;NULL;176,394;2
Netherlands;162;Elderly;12;Alcoholic beverages;10489503;Wine;10489530;NULL;NULL;176,762;2
United Kingdom;77;Adolescents;7;Alcoholic_beverages;10489503;Spirit Drinks and Liqueurs;10490639;Liqueurs;10489562;177,875;3
Netherlands;162;Adults;10;Alcoholic beverages;10489503;Wine;10489530;NULL;NULL;178,371;2
Austria;14;Elderly;12;Alcoholic_beverages;10489503;Wine;10489530;Wine-like drinks;10489548;178,571;3
Austria;14;Elderly;12;Alcoholic_beverages;10489503;Beer;10489514;Beer-like beverages;10489526;180;3
Finland;70;Elderly;12;Alcoholic_beverages;10489503;Mixed alcoholic drinks;10489589;NULL;NULL;180;2
Finland;70;Elderly;12;Alcoholic_beverages;10489503;Mixed alcoholic drinks;10489589;Cocktails;10489590;180;3
Spain;67;Adolescents;7;Alcoholic_beverages;10489503;Wine;10489530;Wine-like drinks;10489548;180;3
Portugal;180;Adults;10;Alcoholic_beverages;10489503;Mixed alcoholic drinks;10489589;Other_mixed_alcoholic_drinks;10489592;181,045;3
United Kingdom;77;Adults;10;Alcoholic_beverages;10489503;Mixed alcoholic drinks;10489589;NULL;NULL;183,234;2
Belgium;22;Elderly;12;Alcoholic_beverages;10489503;Mixed alcoholic drinks;10489589;Other_mixed_alcoholic_drinks;10489592;183,75;3
Germany;56;Elderly;12;Alcoholic_beverages;10489503;Wine;10489530;Wine;10489531;184,199;3
Spain;67;Adolescents;7;Alcoholic_beverages;10489503;NULL;NULL;NULL;NULL;185,001;1
Estonia;63;Adults;10;Alcoholic_beverages;10489503;Wine;10489530;NULL;NULL;185,138;2
United Kingdom;77;Adults;10;Alcoholic_beverages;10489503;Mixed alcoholic drinks;10489589;Other_mixed_alcoholic_drinks;10489592;185,176;3
Portugal;180;Adults;10;Alcoholic_beverages;10489503;NULL;NULL;NULL;NULL;185,618;1
Finland;70;Elderly;12;Alcoholic_beverages;10489503;Wine;10489530;Wine-like drinks;10489548;186,25;3
Spain;67;Adults;10;Alcoholic_beverages;10489503;Beer;10489514;Beer-like beverages;10489526;186,458;3
Spain;67;Adults;10;Alcoholic_beverages;10489503;Beer;10489514;NULL;NULL;187,301;2
Spain;67;Adults;10;Alcoholic_beverages;10489503;Beer;10489514;Beer;10489515;187,301;3
Germany;56;Elderly;12;Alcoholic_beverages;10489503;Wine;10489530;NULL;NULL;187,397;2
Austria;14;Adults;10;Alcoholic_beverages;10489503;Mixed alcoholic drinks;10489589;Other_mixed_alcoholic_drinks;10489592;187,5;3
Spain;67;Elderly;12;Alcoholic_beverages;10489503;NULL;NULL;NULL;NULL;187,547;1
Slovenia;196;Adults;10;Alcoholic_beverages;10489503;Wine;10489530;Wine;10489531;188,63;3
Austria;14;Adults;10;Alcoholic_beverages;10489503;Wine;10489530;Wine;10489531;188,782;3
Netherlands;162;Elderly;12;Alcoholic beverages;10489503;Wine;10489530;NULL;NULL;189,568;2
Germany;56;Adults;10;Alcoholic_beverages;10489503;Mixed alcoholic drinks;10489589;Cocktails;10489590;189,75;3
Portugal;180;Elderly;12;Alcoholic_beverages;10489503;Wine;10489530;Wine;10489531;190,092;3
Belgium;22;Adults;10;Alcoholic_beverages;10489503;Mixed alcoholic drinks;10489589;Other_mixed_alcoholic_drinks;10489592;190,625;3
Spain;67;Adolescents;7;Alcoholic_beverages;10489503;Beer;10489514;Beer-like beverages;10489526;190,82;3
Germany;56;Adults;10;Alcoholic_beverages;10489503;Wine;10489530;Wine;10489531;191,237;3
Latvia;132;Adolescents;7;Alcoholic_beverages;10489503;Beer;10489514;NULL;NULL;191,667;2
Latvia;132;Adolescents;7;Alcoholic_beverages;10489503;Beer;10489514;Beer;10489515;191,667;3
Netherlands;162;Adults;10;Alcoholic beverages;10489503;Wine;10489530;Wine;10489531;193,075;3
Germany;56;Adults;10;Alcoholic_beverages;10489503;Wine;10489530;NULL;NULL;193,295;2
Portugal;180;Elderly;12;Alcoholic_beverages;10489503;Wine;10489530;NULL;NULL;193,613;2
Austria;14;Adults;10;Alcoholic_beverages;10489503;Mixed alcoholic drinks;10489589;NULL;NULL;193,75;2
France;75;Elderly;12;Alcoholic_beverages;10489503;NULL;NULL;NULL;NULL;194,312;1
Netherlands;162;Elderly;12;Alcoholic beverages;10489503;Wine;10489530;Wine;10489531;194,944;3
Slovenia;196;Adults;10;Alcoholic_beverages;10489503;Wine;10489530;NULL;NULL;195,795;2
Finland;70;Adults;10;Alcoholic_beverages;10489503;Wine;10489530;NULL;NULL;196,158;2
Hungary;99;Elderly;12;Alcoholic_beverages;10489503;NULL;NULL;NULL;NULL;198,333;1
Netherlands;162;Adolescents;7;Alcoholic beverages;10489503;Beer;10489514;Beer-like beverages;10489526;199,286;3
Austria;14;Adults;10;Alcoholic_beverages;10489503;Wine;10489530;NULL;NULL;199,938;2
Austria;14;Adults;10;Alcoholic_beverages;10489503;Mixed alcoholic drinks;10489589;Flavoured wine;10489591;200;3
Austria;14;Adults;10;Alcoholic_beverages;10489503;Mixed alcoholic drinks;10489589;Cocktails;10489590;200;3
Germany;56;Adolescents;7;Alcoholic_beverages;10489503;Mixed alcoholic drinks;10489589;Cocktails;10489590;200;3
Czech Republic;55;Adults;10;Alcoholic_beverages;10489503;Wine;10489530;NULL;NULL;200,84;2
Czech Republic;55;Adults;10;Alcoholic_beverages;10489503;Wine;10489530;Wine;10489531;200,84;3
Austria;14;Adults;10;Alcoholic_beverages;10489503;Wine;10489530;Wine-like drinks;10489548;203,125;3
Ireland;101;Adults;10;Alcoholic_beverages;10489503;Wine;10489530;NULL;NULL;203,401;2
Denmark;58;Adolescents;7;Alcoholic_beverages;10489503;NULL;NULL;NULL;NULL;204,72;1
Belgium;22;Elderly;12;Alcoholic_beverages;10489503;Wine;10489530;NULL;NULL;204,967;2
Spain;67;Adolescents;7;Alcoholic_beverages;10489503;Beer;10489514;Beer;10489515;205,804;3
Portugal;180;Adults;10;Alcoholic_beverages;10489503;Wine;10489530;Wine-like drinks;10489548;207,668;3
Belgium;22;Elderly;12;Alcoholic_beverages;10489503;Wine;10489530;Wine;10489531;208,05;3
Estonia;63;Adults;10;Alcoholic_beverages;10489503;Beer;10489514;Beer-like beverages;10489526;211,391;3
Belgium;22;Adults;10;Alcoholic_beverages;10489503;Wine;10489530;Wine;10489531;211,525;3
Estonia;63;Adolescents;7;Alcoholic_beverages;10489503;NULL;NULL;NULL;NULL;211,667;1
Estonia;63;Adolescents;7;Alcoholic_beverages;10489503;Beer;10489514;NULL;NULL;211,667;2
Estonia;63;Adolescents;7;Alcoholic_beverages;10489503;Beer;10489514;Beer-like beverages;10489526;211,667;3
Germany;56;Adults;10;Alcoholic_beverages;10489503;Mixed alcoholic drinks;10489589;NULL;NULL;212,271;2
Sweden;193;Adults;10;Alcoholic_beverages;10489503;Beer;10489514;Beer;10489515;212,433;3
Sweden;193;Adults;10;Alcoholic_beverages;10489503;Beer;10489514;NULL;NULL;212,505;2
Spain;67;Adolescents;7;Alcoholic_beverages;10489503;Beer;10489514;NULL;NULL;213,075;2
Belgium;22;Adults;10;Alcoholic_beverages;10489503;Wine;10489530;NULL;NULL;213,425;2
Romania;185;Adults;10;Alcoholic_beverages;10489503;NULL;NULL;NULL;NULL;213,865;1
Romania;185;Adults;10;Alcoholic_beverages;10489503;Beer;10489514;NULL;NULL;213,971;2
Romania;185;Adults;10;Alcoholic_beverages;10489503;Beer;10489514;Beer;10489515;214,429;3
Spain;67;Adults;10;Alcoholic_beverages;10489503;Wine;10489530;Wine-like drinks;10489548;214,444;3
Czech Republic;55;Adolescents;7;Alcoholic_beverages;10489503;NULL;NULL;NULL;NULL;216,068;1
Sweden;193;Elderly;12;Alcoholic_beverages;10489503;NULL;NULL;NULL;NULL;216,892;1
France;75;Elderly;12;Alcoholic_beverages;10489503;Beer;10489514;NULL;NULL;217,682;2
France;75;Elderly;12;Alcoholic_beverages;10489503;NULL;NULL;NULL;NULL;218,047;1
France;75;Adults;10;Alcoholic_beverages;10489503;NULL;NULL;NULL;NULL;218,653;1
Spain;67;Elderly;12;Alcoholic_beverages;10489503;Beer;10489514;NULL;NULL;219,472;2
Latvia;132;Adults;10;Alcoholic_beverages;10489503;Beer;10489514;Beer-like beverages;10489526;220;3
Ireland;101;Adults;10;Alcoholic_beverages;10489503;Mixed alcoholic drinks;10489589;NULL;NULL;220,947;2
Ireland;101;Adults;10;Alcoholic_beverages;10489503;Mixed alcoholic drinks;10489589;Flavoured wine;10489591;220,947;3
United Kingdom;77;Adults;10;Alcoholic_beverages;10489503;Wine;10489530;NULL;NULL;221,774;2
France;75;Elderly;12;Alcoholic_beverages;10489503;Beer;10489514;Beer;10489515;222,445;3
Bulgaria;24;Elderly;12;Alcoholic_beverages;10489503;NULL;NULL;NULL;NULL;222,619;1
Spain;67;Elderly;12;Alcoholic_beverages;10489503;Beer;10489514;Beer;10489515;223,523;3
Belgium;22;Adolescents;7;Alcoholic_beverages;10489503;Beer;10489514;Beer-like beverages;10489526;225;3
Finland;70;Elderly;12;Alcoholic_beverages;10489503;NULL;NULL;NULL;NULL;226,374;1
Germany;56;Adults;10;Alcoholic_beverages;10489503;Mixed alcoholic drinks;10489589;Other_mixed_alcoholic_drinks;10489592;226,422;3
Estonia;63;Elderly;12;Alcoholic_beverages;10489503;Beer;10489514;Beer-like beverages;10489526;226,512;3
Estonia;63;Adolescents;7;Alcoholic_beverages;10489503;Wine;10489530;NULL;NULL;227,5;2
France;75;Adults;10;Alcoholic_beverages;10489503;Beer;10489514;NULL;NULL;228,579;2
France;75;Adults;10;Alcoholic_beverages;10489503;Beer;10489514;Beer;10489515;229,341;3
Estonia;63;Adults;10;Alcoholic_beverages;10489503;Beer;10489514;Beer-like beverages;10489526;229,897;3
Finland;70;Adults;10;Alcoholic_beverages;10489503;Mixed alcoholic drinks;10489589;Cocktails;10489590;233,348;3
Ireland;101;Adults;10;Alcoholic_beverages;10489503;Beer;10489514;Beer-like beverages;10489526;233,833;3
Spain;67;Adults;10;Alcoholic_beverages;10489503;NULL;NULL;NULL;NULL;236,552;1
Portugal;180;Elderly;12;Alcoholic_beverages;10489503;Beer;10489514;NULL;NULL;236,896;2
Portugal;180;Elderly;12;Alcoholic_beverages;10489503;Beer;10489514;Beer;10489515;236,896;3
Finland;70;Adults;10;Alcoholic_beverages;10489503;Mixed alcoholic drinks;10489589;NULL;NULL;239,3;2
Portugal;180;Elderly;12;Alcoholic_beverages;10489503;NULL;NULL;NULL;NULL;240,326;1
Sweden;193;Adults;10;Alcoholic_beverages;10489503;NULL;NULL;NULL;NULL;240,357;1
Germany;56;Adolescents;7;Alcoholic_beverages;10489503;Beer;10489514;NULL;NULL;244;2
Germany;56;Adolescents;7;Alcoholic_beverages;10489503;Beer;10489514;Beer-like beverages;10489526;244;3
Netherlands;162;Adults;10;Alcoholic beverages;10489503;Mixed alcoholic drinks;10489589;NULL;NULL;244,491;2
Germany;56;Elderly;12;Alcoholic_beverages;10489503;Mixed alcoholic drinks;10489589;NULL;NULL;245,139;2
Germany;56;Elderly;12;Alcoholic_beverages;10489503;Mixed alcoholic drinks;10489589;Other_mixed_alcoholic_drinks;10489592;245,139;3
Latvia;132;Adults;10;Alcoholic_beverages;10489503;NULL;NULL;NULL;NULL;247,231;1
Denmark;58;Adolescents;7;Alcoholic_beverages;10489503;Beer;10489514;NULL;NULL;247,319;2
Denmark;58;Adolescents;7;Alcoholic_beverages;10489503;Beer;10489514;Beer;10489515;247,319;3
Croatia;97;Adults;10;Alcoholic_beverages;10489503;Mixed alcoholic drinks;10489589;NULL;NULL;250;2
Croatia;97;Adults;10;Alcoholic_beverages;10489503;Mixed alcoholic drinks;10489589;Cocktails;10489590;250;3
Cyprus;54;Adolescents;7;Alcoholic_beverages;10489503;Beer;10489514;NULL;NULL;250;2
Cyprus;54;Adolescents;7;Alcoholic_beverages;10489503;Beer;10489514;Beer;10489515;250;3
Germany;56;Adolescents;7;Alcoholic_beverages;10489503;Wine;10489530;Dessert_wines;10489551;250;3
Spain;67;Adults;10;Alcoholic_beverages;10489503;NULL;NULL;NULL;NULL;251,04;1
United Kingdom;77;Adults;10;Alcoholic_beverages;10489503;Mixed alcoholic drinks;10489589;NULL;NULL;251,997;2
United Kingdom;77;Adults;10;Alcoholic_beverages;10489503;Mixed alcoholic drinks;10489589;Flavoured wine;10489591;251,997;3
Germany;56;Adolescents;7;Alcoholic_beverages;10489503;Mixed alcoholic drinks;10489589;NULL;NULL;254,167;2
Hungary;99;Adults;10;Alcoholic_beverages;10489503;NULL;NULL;NULL;NULL;254,331;1
Sweden;193;Adults;10;Alcoholic_beverages;10489503;NULL;NULL;NULL;NULL;257,223;1
Denmark;58;Adolescents;7;Alcoholic_beverages;10489503;Beer;10489514;NULL;NULL;258,808;2
Denmark;58;Adolescents;7;Alcoholic_beverages;10489503;Beer;10489514;Beer;10489515;258,808;3
Spain;67;Adolescents;7;Alcoholic_beverages;10489503;Mixed alcoholic drinks;10489589;NULL;NULL;260;2
Spain;67;Adolescents;7;Alcoholic_beverages;10489503;Mixed alcoholic drinks;10489589;Other_mixed_alcoholic_drinks;10489592;260;3
Slovakia;198;Adults;10;Alcoholic_beverages;10489503;Wine;10489530;NULL;NULL;263,203;2
Slovakia;198;Adults;10;Alcoholic_beverages;10489503;Wine;10489530;Wine;10489531;264,276;3
Denmark;58;Elderly;12;Alcoholic_beverages;10489503;Beer;10489514;NULL;NULL;266,26;2
Denmark;58;Elderly;12;Alcoholic_beverages;10489503;Beer;10489514;Beer;10489515;266,26;3
Slovenia;196;Adults;10;Alcoholic_beverages;10489503;Wine;10489530;Wine-like drinks;10489548;266,667;3
Slovenia;196;Adults;10;Alcoholic_beverages;10489503;NULL;NULL;NULL;NULL;273,739;1
Finland;70;Elderly;12;Alcoholic_beverages;10489503;Beer;10489514;NULL;NULL;274,605;2
Finland;70;Elderly;12;Alcoholic_beverages;10489503;Beer;10489514;Beer;10489515;274,605;3
Germany;56;Adolescents;7;Alcoholic_beverages;10489503;Mixed alcoholic drinks;10489589;Flavoured wine;10489591;275;3
Estonia;63;Adults;10;Alcoholic_beverages;10489503;Wine;10489530;Wine-like drinks;10489548;275,227;3
Spain;67;Adults;10;Alcoholic_beverages;10489503;Beer;10489514;NULL;NULL;276,965;2
Spain;67;Adults;10;Alcoholic_beverages;10489503;Beer;10489514;Beer;10489515;278,762;3
Netherlands;162;Elderly;12;Alcoholic beverages;10489503;NULL;NULL;NULL;NULL;280,38;1
Estonia;63;Adults;10;Alcoholic_beverages;10489503;Spirit Drinks and Liqueurs;10490639;NULL;NULL;281,862;2
Hungary;99;Elderly;12;Alcoholic_beverages;10489503;Beer;10489514;NULL;NULL;282,083;2
Hungary;99;Elderly;12;Alcoholic_beverages;10489503;Beer;10489514;Beer;10489515;282,083;3
United Kingdom;77;Adolescents;7;Alcoholic_beverages;10489503;Beer;10489514;NULL;NULL;283,063;2
United Kingdom;77;Adolescents;7;Alcoholic_beverages;10489503;Beer;10489514;Beer;10489515;283,063;3
Sweden;193;Adults;10;Alcoholic_beverages;10489503;Beer;10489514;NULL;NULL;284,33;2
Sweden;193;Adults;10;Alcoholic_beverages;10489503;Beer;10489514;Beer;10489515;284,856;3
Ireland;101;Adults;10;Alcoholic_beverages;10489503;Mixed alcoholic drinks;10489589;NULL;NULL;285,714;2
Ireland;101;Adults;10;Alcoholic_beverages;10489503;Mixed alcoholic drinks;10489589;Other_mixed_alcoholic_drinks;10489592;285,714;3
Poland;175;Adolescents;7;Alcoholic_beverages;10489503;NULL;NULL;NULL;NULL;287,5;1
Poland;175;Adolescents;7;Alcoholic_beverages;10489503;Beer;10489514;NULL;NULL;287,5;2
Poland;175;Adolescents;7;Alcoholic_beverages;10489503;Beer;10489514;Beer;10489515;287,5;3
Bulgaria;24;Elderly;12;Alcoholic_beverages;10489503;Beer;10489514;NULL;NULL;290;2
Bulgaria;24;Elderly;12;Alcoholic_beverages;10489503;Beer;10489514;Beer;10489515;290;3
Denmark;58;Elderly;12;Alcoholic_beverages;10489503;Beer;10489514;NULL;NULL;292,192;2
Denmark;58;Elderly;12;Alcoholic_beverages;10489503;Beer;10489514;Beer;10489515;292,192;3
Finland;70;Adults;10;Alcoholic_beverages;10489503;Mixed alcoholic drinks;10489589;NULL;NULL;292,269;2
Finland;70;Adults;10;Alcoholic_beverages;10489503;Mixed alcoholic drinks;10489589;Cocktails;10489590;292,269;3
Denmark;58;Adults;10;Alcoholic_beverages;10489503;Beer;10489514;NULL;NULL;292,482;2
Denmark;58;Adults;10;Alcoholic_beverages;10489503;Beer;10489514;Beer;10489515;292,482;3
Estonia;63;Adults;10;Alcoholic_beverages;10489503;Mixed alcoholic drinks;10489589;NULL;NULL;292,857;2
Estonia;63;Adults;10;Alcoholic_beverages;10489503;Mixed alcoholic drinks;10489589;Other_mixed_alcoholic_drinks;10489592;292,857;3
Estonia;63;Adults;10;Alcoholic_beverages;10489503;Mixed alcoholic drinks;10489589;NULL;NULL;293,333;2
Estonia;63;Adults;10;Alcoholic_beverages;10489503;Mixed alcoholic drinks;10489589;Cocktails;10489590;293,333;3
Estonia;63;Adults;10;Alcoholic_beverages;10489503;Spirit Drinks and Liqueurs;10490639;Spirit Drinks and Liqueurs;10489581;293,421;3
Finland;70;Adults;10;Alcoholic_beverages;10489503;Wine;10489530;Wine-like drinks;10489548;294,549;3
France;75;Adolescents;7;Alcoholic_beverages;10489503;Mixed alcoholic drinks;10489589;Cocktails;10489590;295,766;3
Latvia;132;Elderly;12;Alcoholic_beverages;10489503;NULL;NULL;NULL;NULL;300,635;1
France;75;Adolescents;7;Alcoholic_beverages;10489503;Mixed alcoholic drinks;10489589;NULL;NULL;301,362;2
Netherlands;162;Elderly;12;Alcoholic beverages;10489503;NULL;NULL;NULL;NULL;302,934;1
Spain;67;Adolescents;7;Alcoholic_beverages;10489503;Beer;10489514;NULL;NULL;304,4;2
Spain;67;Adolescents;7;Alcoholic_beverages;10489503;Beer;10489514;Beer;10489515;304,4;3
Germany;56;Elderly;12;Alcoholic_beverages;10489503;Beer;10489514;Beer-like beverages;10489526;305,291;3
Estonia;63;Elderly;12;Alcoholic_beverages;10489503;NULL;NULL;NULL;NULL;308,104;1
Estonia;63;Adults;10;Alcoholic_beverages;10489503;Wine;10489530;NULL;NULL;309,034;2
Hungary;99;Adults;10;Alcoholic_beverages;10489503;Beer;10489514;NULL;NULL;312,068;2
Hungary;99;Adults;10;Alcoholic_beverages;10489503;Beer;10489514;Beer;10489515;312,068;3
Estonia;63;Adults;10;Alcoholic_beverages;10489503;Wine;10489530;Wine;10489531;312,744;3
Finland;70;Elderly;12;Alcoholic_beverages;10489503;NULL;NULL;NULL;NULL;313,09;1
United Kingdom;77;Elderly;12;Alcoholic_beverages;10489503;Wine;10489530;Wine-like drinks;10489548;317,854;3
Portugal;180;Adults;10;Alcoholic_beverages;10489503;Beer;10489514;NULL;NULL;319,647;2
Portugal;180;Adults;10;Alcoholic_beverages;10489503;Beer;10489514;Beer;10489515;319,647;3
Denmark;58;Adults;10;Alcoholic_beverages;10489503;Beer;10489514;NULL;NULL;322,195;2
Denmark;58;Adults;10;Alcoholic_beverages;10489503;Beer;10489514;Beer;10489515;322,195;3
Germany;56;Adolescents;7;Alcoholic_beverages;10489503;Mixed alcoholic drinks;10489589;Other_mixed_alcoholic_drinks;10489592;322,917;3
Spain;67;Adults;10;Alcoholic_beverages;10489503;Beer;10489514;NULL;NULL;323,433;2
Spain;67;Adults;10;Alcoholic_beverages;10489503;Beer;10489514;Beer;10489515;323,433;3
Denmark;58;Adults;10;Alcoholic_beverages;10489503;NULL;NULL;NULL;NULL;323,824;1
Netherlands;162;Adults;10;Alcoholic beverages;10489503;Wine;10489530;Wine-like drinks;10489548;328,393;3
Germany;56;Adults;10;Alcoholic_beverages;10489503;Beer;10489514;Beer-like beverages;10489526;330,744;3
Austria;14;Adults;10;Alcoholic_beverages;10489503;NULL;NULL;NULL;NULL;331,152;1
Austria;14;Elderly;12;Alcoholic_beverages;10489503;NULL;NULL;NULL;NULL;333,777;1
Austria;14;Adults;10;Alcoholic_beverages;10489503;NULL;NULL;NULL;NULL;335,549;1
Latvia;132;Adults;10;Alcoholic_beverages;10489503;NULL;NULL;NULL;NULL;336,387;1
Netherlands;162;Adults;10;Alcoholic beverages;10489503;Beer;10489514;Beer-like beverages;10489526;339,605;3
Belgium;22;Elderly;12;Alcoholic_beverages;10489503;NULL;NULL;NULL;NULL;340,34;1
Finland;70;Adults;10;Alcoholic_beverages;10489503;Wine;10489530;Wine-like drinks;10489548;341,93;3
United Kingdom;77;Adults;10;Alcoholic_beverages;10489503;Wine;10489530;Wine-like drinks;10489548;342,243;3
Bulgaria;24;Adults;10;Alcoholic_beverages;10489503;Wine;10489530;Dessert_wines;10489551;342,321;3
Czech Republic;55;Adolescents;7;Alcoholic_beverages;10489503;Beer;10489514;NULL;NULL;346,875;2
Czech Republic;55;Adolescents;7;Alcoholic_beverages;10489503;Beer;10489514;Beer;10489515;346,875;3
Belgium;22;Elderly;12;Alcoholic_beverages;10489503;Beer;10489514;NULL;NULL;349,158;2
Belgium;22;Elderly;12;Alcoholic_beverages;10489503;Beer;10489514;Beer;10489515;349,158;3
Slovenia;196;Adults;10;Alcoholic_beverages;10489503;Beer;10489514;Beer-like beverages;10489526;350;3
Poland;175;Elderly;12;Alcoholic_beverages;10489503;NULL;NULL;NULL;NULL;355;1
Denmark;58;Adults;10;Alcoholic_beverages;10489503;NULL;NULL;NULL;NULL;356,163;1
Belgium;22;Adolescents;7;Alcoholic_beverages;10489503;NULL;NULL;NULL;NULL;358,591;1
Denmark;58;Elderly;12;Alcoholic_beverages;10489503;NULL;NULL;NULL;NULL;358,637;1
Denmark;58;Elderly;12;Alcoholic_beverages;10489503;NULL;NULL;NULL;NULL;359,912;1
Austria;14;Adults;10;Alcoholic_beverages;10489503;Wine;10489530;Wine-like drinks;10489548;362,857;3
Ireland;101;Adults;10;Alcoholic_beverages;10489503;Wine;10489530;Wine-like drinks;10489548;365,403;3
United Kingdom;77;Elderly;12;Alcoholic_beverages;10489503;NULL;NULL;NULL;NULL;369,01;1
Estonia;63;Adolescents;7;Alcoholic_beverages;10489503;Wine;10489530;Wine-like drinks;10489548;375;3
Croatia;97;Adults;10;Alcoholic_beverages;10489503;NULL;NULL;NULL;NULL;378,106;1
Netherlands;162;Elderly;12;Alcoholic beverages;10489503;Beer;10489514;NULL;NULL;386,359;2
Netherlands;162;Elderly;12;Alcoholic beverages;10489503;Beer;10489514;Beer;10489515;386,359;3
Germany;56;Adolescents;7;Alcoholic_beverages;10489503;NULL;NULL;NULL;NULL;386,398;1
Finland;70;Elderly;12;Alcoholic_beverages;10489503;Beer;10489514;NULL;NULL;388,402;2
Finland;70;Elderly;12;Alcoholic_beverages;10489503;Beer;10489514;Beer;10489515;388,402;3
Austria;14;Adults;10;Alcoholic_beverages;10489503;Beer;10489514;Beer-like beverages;10489526;390,682;3
Ireland;101;Elderly;12;Alcoholic_beverages;10489503;NULL;NULL;NULL;NULL;391,195;1
Austria;14;Elderly;12;Alcoholic_beverages;10489503;Beer;10489514;Beer;10489515;394,375;3
Belgium;22;Adults;10;Alcoholic_beverages;10489503;NULL;NULL;NULL;NULL;395,238;1
Austria;14;Elderly;12;Alcoholic_beverages;10489503;Beer;10489514;NULL;NULL;398,788;2
Estonia;63;Adults;10;Alcoholic_beverages;10489503;Wine;10489530;Wine-like drinks;10489548;400;3
Finland;70;Adults;10;Alcoholic_beverages;10489503;NULL;NULL;NULL;NULL;400,839;1
United Kingdom;77;Adults;10;Alcoholic_beverages;10489503;NULL;NULL;NULL;NULL;405,384;1
United Kingdom;77;Adults;10;Alcoholic_beverages;10489503;Wine;10489530;Wine-like drinks;10489548;409,633;3
Latvia;132;Adults;10;Alcoholic_beverages;10489503;Beer;10489514;NULL;NULL;409,638;2
Germany;56;Adolescents;7;Alcoholic_beverages;10489503;Beer;10489514;Beer-like beverages;10489526;412,85;3
Latvia;132;Adults;10;Alcoholic_beverages;10489503;Beer;10489514;Beer;10489515;413,508;3
Estonia;63;Adolescents;7;Alcoholic_beverages;10489503;Beer;10489514;NULL;NULL;413,889;2
Estonia;63;Adolescents;7;Alcoholic_beverages;10489503;Beer;10489514;Beer-like beverages;10489526;413,889;3
Netherlands;162;Adolescents;7;Alcoholic beverages;10489503;NULL;NULL;NULL;NULL;415,232;1
Germany;56;Elderly;12;Alcoholic_beverages;10489503;NULL;NULL;NULL;NULL;416,295;1
Latvia;132;Adults;10;Alcoholic_beverages;10489503;Beer;10489514;NULL;NULL;416,649;2
Latvia;132;Adults;10;Alcoholic_beverages;10489503;Beer;10489514;Beer;10489515;416,649;3
Bulgaria;24;Adults;10;Alcoholic_beverages;10489503;NULL;NULL;NULL;NULL;417,041;1
Netherlands;162;Elderly;12;Alcoholic beverages;10489503;Beer;10489514;NULL;NULL;420;2
Estonia;63;Adults;10;Alcoholic_beverages;10489503;NULL;NULL;NULL;NULL;420,26;1
Netherlands;162;Adults;10;Alcoholic beverages;10489503;Wine;10489530;Wine-like drinks;10489548;421,675;3
Austria;14;Adults;10;Alcoholic_beverages;10489503;Beer;10489514;Beer;10489515;425,617;3
Finland;70;Adults;10;Alcoholic_beverages;10489503;NULL;NULL;NULL;NULL;427,438;1
Netherlands;162;Elderly;12;Alcoholic beverages;10489503;Beer;10489514;Beer;10489515;434,474;3
Austria;14;Adults;10;Alcoholic_beverages;10489503;Beer;10489514;NULL;NULL;435,051;2
Germany;56;Adults;10;Alcoholic_beverages;10489503;NULL;NULL;NULL;NULL;442,41;1
Latvia;132;Elderly;12;Alcoholic_beverages;10489503;Beer;10489514;NULL;NULL;451,176;2
Latvia;132;Elderly;12;Alcoholic_beverages;10489503;Beer;10489514;Beer;10489515;451,176;3
Netherlands;162;Adults;10;Alcoholic beverages;10489503;NULL;NULL;NULL;NULL;455,934;1
Estonia;63;Adolescents;7;Alcoholic_beverages;10489503;NULL;NULL;NULL;NULL;461,923;1
Finland;70;Adults;10;Alcoholic_beverages;10489503;Beer;10489514;NULL;NULL;464,962;2
Finland;70;Adults;10;Alcoholic_beverages;10489503;Beer;10489514;Beer;10489515;464,962;3
United Kingdom;77;Adults;10;Alcoholic_beverages;10489503;NULL;NULL;NULL;NULL;475,984;1
Belgium;22;Adults;10;Alcoholic_beverages;10489503;Beer;10489514;NULL;NULL;476,162;2
Belgium;22;Adults;10;Alcoholic_beverages;10489503;Beer;10489514;Beer;10489515;476,162;3
Bulgaria;24;Adolescents;7;Alcoholic_beverages;10489503;NULL;NULL;NULL;NULL;476,834;1
Poland;175;Elderly;12;Alcoholic_beverages;10489503;Beer;10489514;NULL;NULL;484,545;2
Poland;175;Elderly;12;Alcoholic_beverages;10489503;Beer;10489514;Beer;10489515;484,545;3
United Kingdom;77;Adults;10;Alcoholic_beverages;10489503;Beer;10489514;NULL;NULL;488,277;2
United Kingdom;77;Adults;10;Alcoholic_beverages;10489503;Beer;10489514;Beer;10489515;493,503;3
Latvia;132;Elderly;12;Alcoholic_beverages;10489503;Wine;10489530;Wine-like drinks;10489548;500;3
Romania;185;Adolescents;7;Alcoholic_beverages;10489503;Beer;10489514;NULL;NULL;500;2
Romania;185;Adolescents;7;Alcoholic_beverages;10489503;Beer;10489514;Beer;10489515;500;3
Germany;56;Elderly;12;Alcoholic_beverages;10489503;Beer;10489514;NULL;NULL;500,691;2
Poland;175;Adults;10;Alcoholic_beverages;10489503;NULL;NULL;NULL;NULL;501,727;1
Ireland;101;Adults;10;Alcoholic_beverages;10489503;NULL;NULL;NULL;NULL;504,141;1
Germany;56;Elderly;12;Alcoholic_beverages;10489503;Beer;10489514;Beer;10489515;506,491;3
Croatia;97;Adults;10;Alcoholic_beverages;10489503;Beer;10489514;NULL;NULL;510,286;2
Croatia;97;Adults;10;Alcoholic_beverages;10489503;Beer;10489514;Beer;10489515;510,286;3
Belgium;22;Adolescents;7;Alcoholic_beverages;10489503;Beer;10489514;NULL;NULL;516,441;2
Belgium;22;Adolescents;7;Alcoholic_beverages;10489503;Beer;10489514;Beer;10489515;517,463;3
Ireland;101;Adults;10;Alcoholic_beverages;10489503;NULL;NULL;NULL;NULL;531,136;1
Portugal;180;Elderly;12;Alcoholic_beverages;10489503;Wine;10489530;Wine-like drinks;10489548;532,923;3
Austria;14;Adults;10;Alcoholic_beverages;10489503;Alcoholic beverages;10489503;NULL;NULL;533,75;2
Austria;14;Adults;10;Alcoholic_beverages;10489503;Alcoholic beverages;10489503;Alcoholic beverages;10489503;533,75;3
Finland;70;Adults;10;Alcoholic_beverages;10489503;Beer;10489514;NULL;NULL;537,958;2
Finland;70;Adults;10;Alcoholic_beverages;10489503;Beer;10489514;Beer;10489515;537,958;3
Netherlands;162;Adults;10;Alcoholic beverages;10489503;NULL;NULL;NULL;NULL;542,921;1
Slovenia;196;Adults;10;Alcoholic_beverages;10489503;Beer;10489514;NULL;NULL;552,5;2
Ireland;101;Adults;10;Alcoholic_beverages;10489503;Wine;10489530;Wine-like drinks;10489548;555,811;3
Germany;56;Adults;10;Alcoholic_beverages;10489503;Beer;10489514;NULL;NULL;563,696;2
Estonia;63;Elderly;12;Alcoholic_beverages;10489503;Beer;10489514;NULL;NULL;565,213;2
Slovakia;198;Adults;10;Alcoholic_beverages;10489503;NULL;NULL;NULL;NULL;567,501;1
Bulgaria;24;Adults;10;Alcoholic_beverages;10489503;Beer;10489514;NULL;NULL;572,973;2
Bulgaria;24;Adults;10;Alcoholic_beverages;10489503;Beer;10489514;Beer;10489515;572,973;3
Slovenia;196;Adults;10;Alcoholic_beverages;10489503;Beer;10489514;Beer;10489515;575;3
Germany;56;Adults;10;Alcoholic_beverages;10489503;Beer;10489514;Beer;10489515;583,524;3
Bulgaria;24;Adolescents;7;Alcoholic_beverages;10489503;Beer;10489514;NULL;NULL;595,625;2
Bulgaria;24;Adolescents;7;Alcoholic_beverages;10489503;Beer;10489514;Beer;10489515;595,625;3
Estonia;63;Adults;10;Alcoholic_beverages;10489503;Beer;10489514;NULL;NULL;602,686;2
Poland;175;Adults;10;Alcoholic_beverages;10489503;Beer;10489514;NULL;NULL;615,314;2
Poland;175;Adults;10;Alcoholic_beverages;10489503;Beer;10489514;Beer;10489515;615,314;3
United Kingdom;77;Adults;10;Alcoholic_beverages;10489503;Beer;10489514;NULL;NULL;615,472;2
United Kingdom;77;Adults;10;Alcoholic_beverages;10489503;Beer;10489514;Beer;10489515;615,472;3
United Kingdom;77;Elderly;12;Alcoholic_beverages;10489503;Beer;10489514;NULL;NULL;616,41;2
United Kingdom;77;Elderly;12;Alcoholic_beverages;10489503;Beer;10489514;Beer;10489515;616,41;3
Estonia;63;Adults;10;Alcoholic_beverages;10489503;Beer;10489514;Beer;10489515;621,892;3
Estonia;63;Elderly;12;Alcoholic_beverages;10489503;Beer;10489514;Beer;10489515;634,387;3
Austria;14;Adults;10;Alcoholic_beverages;10489503;Beer;10489514;Beer;10489515;648,157;3
Austria;14;Adults;10;Alcoholic_beverages;10489503;Beer;10489514;NULL;NULL;651,263;2
Ireland;101;Adults;10;Alcoholic_beverages;10489503;Beer;10489514;NULL;NULL;655,949;2
Germany;56;Adolescents;7;Alcoholic_beverages;10489503;Beer;10489514;NULL;NULL;656,213;2
Ireland;101;Elderly;12;Alcoholic_beverages;10489503;Beer;10489514;Beer;10489515;658,429;3
Ireland;101;Adults;10;Alcoholic_beverages;10489503;Beer;10489514;Beer;10489515;658,437;3
Ireland;101;Elderly;12;Alcoholic_beverages;10489503;Beer;10489514;NULL;NULL;663,5;2
Austria;14;Adults;10;Alcoholic_beverages;10489503;Beer;10489514;Beer-like beverages;10489526;676,25;3
Germany;56;Adolescents;7;Alcoholic_beverages;10489503;Beer;10489514;Beer;10489515;684,394;3
Netherlands;162;Adults;10;Alcoholic beverages;10489503;Beer;10489514;NULL;NULL;692,646;2
Netherlands;162;Adults;10;Alcoholic beverages;10489503;Beer;10489514;Beer;10489515;699,535;3
Slovakia;198;Adults;10;Alcoholic_beverages;10489503;Beer;10489514;NULL;NULL;723,396;2
Slovakia;198;Adults;10;Alcoholic_beverages;10489503;Beer;10489514;Beer;10489515;723,396;3
Czech Republic;55;Adults;10;Alcoholic_beverages;10489503;NULL;NULL;NULL;NULL;745,146;1
Netherlands;162;Adolescents;7;Alcoholic beverages;10489503;Beer;10489514;NULL;NULL;756,077;2
Estonia;63;Adults;10;Alcoholic_beverages;10489503;NULL;NULL;NULL;NULL;784,232;1
Ireland;101;Adults;10;Alcoholic_beverages;10489503;Beer;10489514;Beer;10489515;789,874;3
Ireland;101;Adults;10;Alcoholic_beverages;10489503;Beer;10489514;NULL;NULL;790,038;2
Netherlands;162;Adults;10;Alcoholic beverages;10489503;Beer;10489514;NULL;NULL;821,182;2
Netherlands;162;Adults;10;Alcoholic beverages;10489503;Beer;10489514;Beer;10489515;821,182;3
Netherlands;162;Adolescents;7;Alcoholic beverages;10489503;Beer;10489514;Beer;10489515;846,717;3
Ireland;101;Adults;10;Alcoholic_beverages;10489503;Beer;10489514;Beer-like beverages;10489526;852;3
Czech Republic;55;Adults;10;Alcoholic_beverages;10489503;Beer;10489514;NULL;NULL;854,348;2
Czech Republic;55;Adults;10;Alcoholic_beverages;10489503;Beer;10489514;Beer;10489515;854,348;3
Estonia;63;Adults;10;Alcoholic_beverages;10489503;Beer;10489514;NULL;NULL;1027,089;2
Estonia;63;Adults;10;Alcoholic_beverages;10489503;Beer;10489514;Beer;10489515;1070,435;3
Estonia;63;Adolescents;7;Alcoholic_beverages;10489503;Mixed alcoholic drinks;10489589;NULL;NULL;1350;2
Estonia;63;Adolescents;7;Alcoholic_beverages;10489503;Mixed alcoholic drinks;10489589;Other_mixed_alcoholic_drinks;10489592;1350;3
